,director,films_count,popularity
1870,Steven Spielberg,27,48.49839603703704
2065,Woody Allen,21,17.11094042857143
338,Clint Eastwood,20,26.8867977
1280,Martin Scorsese,20,34.015753849999996
1821,Spike Lee,16,10.4532451875
1649,Ridley Scott,16,57.5580511875
1690,Robert Rodriguez,16,29.713710375
1612,Renny Harlin,15,17.3961144
1869,Steven Soderbergh,15,29.694696599999997
1926,Tim Burton,14,47.007483071428574
1472,Oliver Stone,14,21.628577214285713
924,Joel Schumacher,13,24.982748461538463
1698,Robert Zemeckis,13,51.107163230769224
143,Barry Levinson,13,15.33858946153846
1718,Ron Howard,13,36.73418146153846
593,Francis Ford Coppola,12,40.22654541666666
1986,Tony Scott,12,30.89975075
1320,Michael Bay,12,43.415185916666665
1123,Kevin Smith,12,17.938640666666668
223,Brian De Palma,12,24.209924083333334
1624,Richard Donner,11,23.97769781818182
1663,Rob Reiner,11,22.667354636363637
1798,Shawn Levy,11,38.44065654545455
288,Chris Columbus,11,56.80051018181818
920,Joel Coen,11,34.842203
199,Bobby Farrelly,11,28.89599618181818
1753,Sam Raimi,11,42.378747000000004
936,John Carpenter,10,24.0573299
1518,Paul W.S. Anderson,10,27.992202900000002
969,John McTiernan,10,32.7194075
1635,Richard Linklater,10,21.990932800000003
430,David Fincher,10,76.03726609999998
2040,Wes Craven,10,22.815842800000002
1655,Rob Cohen,9,25.508295666666665
1577,Phillip Noyce,9,23.02483977777778
1223,M. Night Shyamalan,9,36.41228077777778
1546,Peter Jackson,9,88.00192955555556
1836,Stephen Frears,9,14.475086666666666
1156,Lasse Hallström,9,23.647259333333334
220,Brett Ratner,9,25.260861666666667
486,Dennis Dugan,9,29.478968222222225
806,James Mangold,8,29.136876125
1838,Stephen Herek,8,10.670252375
1585,Quentin Tarantino,8,72.85410675
721,Harold Ramis,8,24.722431375
397,Danny Boyle,8,50.75818125
847,Jay Roach,8,23.666649
97,Ang Lee,8,28.673626
515,Donald Petrie,8,14.4050695
765,Ivan Reitman,8,16.604620125
53,Alfred Hitchcock,8,19.689358125
1814,Simon West,8,34.047414875
1712,Roland Emmerich,8,35.049131625
115,Antoine Fuqua,8,43.703315499999995
248,Bryan Singer,8,58.628091625
1428,Neil Jordan,8,12.001085
1275,Martin Campbell,8,38.409230125
11,Adam Shankman,8,23.637482249999998
629,Garry Marshall,8,25.462269374999998
453,David O. Russell,8,29.4004845
577,F. Gary Gray,8,34.201403625000005
324,Christopher Nolan,8,119.638821625
1998,Tyler Perry,8,3.8233018750000003
1236,Marc Forster,8,36.74957575
1392,Mike Newell,7,38.252241285714284
1935,Tim Story,7,21.640446
1103,Kenneth Branagh,7,36.488104285714286
1557,Peter Segal,7,25.939871571428572
1946,Todd Phillips,7,37.23883957142857
433,David Gordon Green,7,18.071530428571428
1506,Paul Greengrass,7,38.44424671428572
145,Barry Sonnenfeld,7,49.45783871428572
422,David Cronenberg,7,23.00342785714286
361,Curtis Hanson,7,14.481088571428572
1912,Terry Gilliam,7,36.94704957142857
993,John Woo,7,27.32516157142857
984,John Singleton,7,14.852005714285713
1009,Jon Turteltaub,7,26.512899285714287
1967,Tom Shadyac,7,38.497583428571424
815,James Wan,7,57.76609642857143
791,James Cameron,7,79.68454314285715
658,George Miller,7,53.087992
2077,Zack Snyder,7,72.30909442857143
605,Frank Oz,7,15.786619142857145
599,Frank Coraci,7,29.391015714285718
2063,Wolfgang Petersen,7,36.47199585714286
687,Gore Verbinski,7,85.33086585714287
704,Gus Van Sant,7,19.281211857142857
1230,Malcolm D. Lee,7,9.770649285714285
707,Guy Ritchie,7,42.02355971428572
543,Edward Zwick,7,28.783844
1750,Sam Mendes,7,56.151756285714285
519,Doug Liman,7,38.49290100000001
1707,Roger Donaldson,7,21.48067957142857
2038,Wes Anderson,7,33.731283714285716
803,James Ivory,7,6.7871065714285725
1343,Michael Mann,6,34.6893325
841,Jaume Collet-Serra,6,50.6449
912,Joe Dante,6,22.563094500000002
705,Guy Hamilton,6,24.765545166666666
1692,Robert Schwentke,6,56.707781833333335
918,Joe Wright,6,32.1444605
1811,Sidney Lumet,6,17.037985166666665
232,Brian Robbins,6,9.017055333333333
1715,Roman Polanski,6,28.112045833333337
130,Atom Egoyan,6,7.556991666666668
36,Alejandro González Iñárritu,6,47.61478283333333
254,Cameron Crowe,6,27.84393
1515,Paul Thomas Anderson,6,29.34217883333333
328,Chuck Russell,6,29.68641433333333
1187,Lilly Wachowski,6,61.03325800000001
1685,Robert Luketic,6,22.340009833333337
1393,Mike Nichols,6,11.830949833333333
268,Catherine Hardwicke,6,34.919426
1270,Mark Waters,6,22.190797833333335
305,Chris Weitz,6,40.015352666666665
1306,McG,6,39.157646666666665
1903,Taylor Hackford,6,18.875158833333334
1308,Mel Brooks,6,21.069748166666667
1514,Paul Schrader,6,6.474520000000001
2053,William Friedkin,6,17.651920999999998
230,Brian Levant,6,16.59987466666667
407,Darren Aronofsky,6,40.260844666666664
96,Andy Tennant,6,23.947768999999997
93,Andy Fickman,6,21.879127666666665
1591,Raja Gosnell,6,26.641582666666668
418,David Ayer,6,56.48336116666667
1825,Stanley Kubrick,6,48.04561866666666
1366,Michael Winterbottom,6,7.383824166666667
651,George A. Romero,6,16.459390000000003
1545,Peter Hyams,6,11.386313833333332
8,Adam McKay,6,30.827280833333333
999,Jon Favreau,6,54.74506399999999
1530,Peter Berg,6,35.779068
1203,Louis Leterrier,6,48.28401216666666
633,Gary Fleder,6,14.439548
1840,Stephen Hopkins,6,17.825016666666667
2080,Zhang Yimou,6,12.428765666666665
471,David Zucker,5,22.777267799999997
619,Fred Zinnemann,5,8.8920312
1006,Jon M. Chu,5,34.3261256
225,Brian Helgeland,5,24.5228536
1419,Nancy Meyers,5,32.5785936
1689,Robert Redford,5,12.2433064
657,George Lucas,5,57.570112599999995
1014,Jonathan Demme,5,19.9340046
1439,Nicholas Stoller,5,36.5801456
1463,Norman Jewison,5,7.571682
1940,Tobe Hooper,5,18.3056594
1023,Jonathan Liebesman,5,54.011484800000005
455,David R. Ellis,5,24.4599762
1057,Judd Apatow,5,38.4809178
1929,Tim Hill,5,17.745815200000003
653,George Clooney,5,21.5627298
1885,Sydney Pollack,5,16.2514308
1661,Rob Minkoff,5,26.119988
992,John Whitesell,5,10.672079400000001
1769,Scott Hicks,5,12.5730484
857,Jean-Pierre Jeunet,5,30.507820199999998
409,Darren Lynn Bousman,5,22.2259004
1835,Stephen Daldry,5,24.2019038
1968,Tom Tykwer,5,32.62386
1633,Richard LaGravenese,5,18.844297599999997
1535,Peter Chelsom,5,9.810677
1634,Richard Lester,5,15.1022878
1520,Paul Weitz,5,17.937401599999998
1517,Paul Verhoeven,5,31.706570399999997
1858,Steve Miner,5,11.586500599999999
440,David Koepp,5,25.4136324
702,Guillermo del Toro,5,64.112343
825,Jan de Bont,5,36.226086
594,Francis Lawrence,5,97.927112
947,John Frankenheimer,5,14.089080200000001
950,John Glen,5,26.1015102
446,David Lynch,5,24.6874674
598,Frank Capra,5,14.759771599999999
961,John Landis,5,25.4528356
836,Jason Reitman,5,23.273149
966,John Madden,5,18.912800800000003
833,Jason Friedberg,5,12.0352716
1700,Rod Lurie,5,7.40111
1659,Rob Marshall,5,51.8972998
645,Gavin O'Connor,5,17.3983816
642,Gary Winick,5,22.8357422
1399,Mira Nair,5,4.691716000000001
1319,Michael Apted,5,21.604074
72,Andrew Adamson,5,48.3953898
1207,Luc Besson,5,55.6428218
1179,Les Mayfield,5,10.276959199999999
49,Alexander Payne,5,25.390973000000002
158,Ben Stiller,5,36.2830606
45,Alex Proyas,5,53.7759506
103,Anne Fletcher,5,29.1914918
1153,Larry Charles,5,17.690102200000002
1167,Lee Tamahori,5,28.6586998
1165,Lawrence Kasdan,5,11.6494344
1386,Mike Leigh,5,6.4222132
1348,Michael Moore,5,11.101905599999998
2036,Wayne Wang,5,8.0932174
173,Bill Condon,5,29.365684599999998
88,Andrzej Bartkowiak,5,16.517901000000002
1121,Kevin Reynolds,5,24.0571414
1106,Kenny Ortega,5,18.7608964
83,Andrew Niccol,5,43.8630558
1137,Kirk Jones,5,17.7141076
419,David Bowers,4,18.787005999999998
865,Jeff Nichols,4,18.859911
183,Billy Wilder,4,18.305099
1817,Sofia Coppola,4,25.9601135
1820,Spike Jonze,4,34.814291250000004
850,Jean-Jacques Annaud,4,18.406445249999997
425,David Dobkin,4,23.7400795
867,Jeff Tremaine,4,18.534159
1815,Simon Wincer,4,9.83436025
2025,Walt Becker,4,27.100793
431,David Frankel,4,34.307830749999994
2026,Walter Hill,4,12.11322375
843,Jay Chandrasekhar,4,12.30504675
840,Jaume Balagueró,4,17.37754475
1367,Michel Gondry,4,26.886406
112,Anthony Russo,4,73.19519000000001
1544,Peter Howitt,4,14.5572585
354,Craig Gillespie,4,19.906005750000002
963,John Lee Hancock,4,19.912286
962,John Lasseter,4,69.96129725
1492,Patrick Lussier,4,14.41613075
644,Gavin Hood,4,16.786979000000002
1390,Mike Mitchell,4,22.09704375
944,John Ford,4,7.4669795
943,John Erick Dowdle,4,25.88405575
941,John Dahl,4,11.15509275
1385,Mike Judge,4,18.39127175
2002,Uwe Boll,4,9.70214325
913,Joe Johnston,4,28.584858249999996
1543,Peter Hewitt,4,12.421561
364,D.J. Caruso,4,33.2549965
1863,Steven Brill,4,15.0243815
1374,Mikael Håfström,4,27.212349
1859,Steve Oedekerk,4,15.43241125
1852,Steve Carr,4,18.059211250000004
1524,Penny Marshall,4,13.53002975
1843,Stephen Sommers,4,20.84824125
84,Andrew Stanton,4,70.8393245
881,Jerry Zucker,4,31.45692525
1372,Miguel Arteta,4,13.9156195
443,David Lean,4,21.699884750000002
818,James Wong,4,28.46674575
1562,Peter Weir,4,42.02876025
35,Alejandro Amenábar,4,22.3373915
1628,Richard Fleischer,4,12.57144225
724,Hayao Miyazaki,4,67.20951099999999
1736,Russell Mulcahy,4,13.02661825
560,Eric Darnell,4,54.533654
719,Harold Becker,4,10.597838000000003
52,Alfonso Cuarón,4,60.5278445
51,Alexandre Aja,4,20.794805500000002
1724,Ronny Yu,4,12.904610250000001
1719,Ron Shelton,4,8.31904425
1321,Michael Caton-Jones,4,11.852817
600,Frank Darabont,4,72.1914515
1218,Luke Greenfield,4,34.567009
602,Frank Marshall,4,16.356831
1257,Mark L. Lester,4,14.9126845
1697,Robert Wise,4,24.63324825
1665,Rob Zombie,4,15.872433749999999
666,"George Tillman, Jr.",4,24.13100725
626,Gabriele Muccino,4,36.05670675
1300,Matthew Vaughn,4,30.071561000000003
12,Adrian Lyne,4,15.46517275
1274,Martin Brest,4,21.947053500000003
1295,Matt Reeves,4,66.79239275
1622,Richard Brooks,4,7.833906
1618,Richard Attenborough,4,16.20731525
1565,Peyton Reed,4,51.237114749999996
800,James Gray,4,11.69820025
1569,Phil Lord,4,55.356029500000005
1900,Tarsem Singh,4,44.38867275
466,David Twohy,4,28.437825750000002
467,David Wain,4,15.43204225
476,Dean Parisot,4,25.8380775
808,James McTeigue,4,39.965672749999996
75,Andrew Davis,4,29.0755195
1786,Sergio Leone,4,56.454418000000004
485,Dennie Gordon,4,8.7347325
1580,Pierre Morel,4,38.30612725
1777,Sean Anders,4,40.119684750000005
538,Edgar Wright,4,45.649459500000006
782,Jake Kasdan,4,28.65144725
1765,Scott Derrickson,4,36.22446875
770,J.J. Abrams,4,63.0140205
64,Amy Heckerling,4,12.230244250000002
1602,Randall Wallace,4,17.34107475
759,Irwin Winkler,4,9.46043825
1755,Sam Weisman,4,11.187660999999999
1752,Sam Peckinpah,4,6.408165
750,Iain Softley,4,26.2216535
748,Hugh Wilson,4,10.8090525
972,John Moore,4,33.9232815
321,Christopher Guest,4,5.928529
148,Baz Luhrmann,4,47.22611275
1450,Nicolas Winding Refn,4,35.41278225
1910,Terrence Malick,4,29.22459675
1016,Jonathan Frakes,4,15.139041000000002
260,Carlos Saldanha,4,60.79330949999999
1022,Jonathan Levine,4,24.14026475
1024,Jonathan Lynn,4,14.720595750000001
1025,Jonathan Mostow,4,33.3358505
249,Burr Steers,4,26.19628475
1451,Nicole Holofcener,4,8.1366955
1938,Timur Bekmambetov,4,38.65165075
233,Brian Taylor,4,39.947291500000006
995,Jon Amiel,4,18.9244475
171,Betty Thomas,4,17.39043725
1441,Nick Cassavetes,4,35.29643175
1100,Ken Kwapis,4,16.55858525
210,Brad Silberling,4,17.36840275
206,Brad Bird,4,86.78741324999999
205,Brad Anderson,4,23.06940125
179,Bille Woodruff,4,8.868407249999999
191,Bob Clark,4,9.62147525
1094,Keenen Ivory Wayans,4,19.948030250000002
1909,Terence Young,4,30.345762
238,Bruce Beresford,4,12.18261425
987,John Stockwell,4,9.70239525
957,John Hillcoat,3,28.355154333333335
801,James Gunn,3,75.968081
797,James Foley,3,9.293783666666668
794,James DeMonaco,3,63.70200666666667
1944,Todd Haynes,3,11.315968
1052,Joss Whedon,3,108.038933
792,James Cox,3,5.239551666666667
67,Anand Tucker,3,9.572987333333332
789,James Bobin,3,29.374831999999998
1341,Michael Lehmann,3,16.554410666666666
506,Dominic Sena,3,34.867697
509,Don Coscarelli,3,7.111995333333333
1600,Randal Kleiser,3,34.443555
511,Don Michael Paul,3,15.424285333333335
1764,Scott Cooper,3,30.992414
1338,Michael Hoffman,3,14.798170333333333
522,Douglas McGrath,3,5.803881333333334
1604,Rawson Marshall Thurber,3,62.274575
2045,Will Gluck,3,39.787204333333335
529,Duncan Jones,3,56.15386433333333
1950,Tom Dey,3,18.821062
1609,Reginald Hudlin,3,5.873126999999999
1337,Michael Haneke,3,16.757990666666668
215,Breck Eisner,3,34.36172033333333
741,Howard Deutch,3,15.570653666666665
1062,Julie Taymor,3,11.305235000000001
1484,Park Chan-wook,3,33.72018166666667
804,James L. Brooks,3,21.077335333333334
435,David Hand,3,53.566210000000005
1799,Shekhar Kapur,3,13.185771666666668
844,Jay Duplass,3,9.640356333333333
1458,Noah Baumbach,3,16.18126266666667
1489,Patricia Riggen,3,7.901608666666667
2029,Walter Salles,3,11.639517333333332
2030,Warren Beatty,3,5.661680333333334
1457,Nimród Antal,3,23.577843333333334
1454,Niki Caro,3,13.080592666666668
1112,Kevin Costner,3,26.446892333333334
1352,Michael Polish,3,4.595342666666666
826,Jane Campion,3,12.482624000000001
1197,Lloyd Kaufman,3,4.123072
464,David Slade,3,55.460617333333325
1408,Morgan Spurlock,3,6.345852333333333
78,Andrew Fleming,3,9.764858666666667
971,John Milius,3,16.787727333333333
1795,Shane Meadows,3,7.319490333333333
470,David Yates,3,73.25725033333333
300,Chris Rock,3,7.963417
472,Davis Guggenheim,3,7.446006333333334
1790,Shana Feste,3,13.989911999999999
1788,Seth MacFarlane,3,56.806699333333334
1787,Seth Gordon,3,34.605487333333336
139,Barbra Streisand,3,3.6931353333333337
484,Denis Villeneuve,3,55.068702
1620,Richard Benjamin,3,7.685211666666667
547,Eli Roth,3,25.807377666666664
548,Elia Kazan,3,12.093963666666667
678,Gina Prince-Bythewood,3,5.917472666666666
1430,Neil Marshall,3,22.553352333333333
33,Albert Hughes,3,20.639029
1654,Rob Bowman,3,24.942970000000003
2064,Wong Kar-wai,3,14.448604333333334
1429,Neil LaBute,3,8.900698333333333
682,Glenn Ficarra,3,39.096477666666665
1099,Kelly Reichardt,3,2.3789996666666666
1252,Mark Dindal,3,34.39538533333334
25,Alan Parker,3,11.452440000000001
609,Franklin J. Schaffner,3,9.186516
1427,Neil Burger,3,39.24956
1309,Mel Gibson,3,46.82120866666667
982,John Schlesinger,3,9.607704
1261,Mark Pellington,3,9.296051666666667
983,John Schultz,3,7.975522333333333
1668,Robert Altman,3,7.366483666666666
663,George Sidney,3,1.32018
190,Boaz Yakin,3,24.019881666666667
660,George P. Cosmatos,3,24.346902333333333
1088,Kathryn Bigelow,3,33.646355
1681,Robert Iscove,3,6.576911666666668
301,Chris Sanders,3,62.368859333333326
638,Gary Ross,3,34.98808566666667
648,Genndy Tartakovsky,3,39.943691333333334
1432,Neill Blomkamp,3,82.39158966666666
1708,Roger Kumble,3,18.591552
1623,Richard Curtis,3,47.63769933333334
1958,Tom Hooper,3,38.606305
731,Henry Joost,3,37.472788666666666
209,Brad Peyton,3,50.969934333333335
1631,Richard Kelly,3,30.721801000000003
2050,William Brent Bell,3,18.55911166666667
207,Brad Furman,3,24.57346
1134,King Vidor,3,3.0752703333333336
304,Chris Wedge,3,55.277168999999994
1729,Ruben Fleischer,3,37.127085
1636,Richard Loncraine,3,13.343331666666666
1641,Richard Shepard,3,8.037391666666666
1330,Michael Curtiz,3,16.925489666666667
1435,Nicholas Hytner,3,5.2992230000000005
1709,Roger Michell,3,22.910359333333336
1069,Justin Lin,3,26.963835666666668
1645,Rick Famuyiwa,3,14.010764666666667
1720,Ron Underwood,3,17.10523866666667
44,Alex Kendrick,3,5.5396019999999995
1716,Ron Clements,3,64.79523966666666
1237,Marc Lawrence,3,18.738765
1239,Marc Webb,3,74.91582866666667
584,Fernando Meirelles,3,27.546728666666667
694,Gregory Hoblit,3,15.393354666666667
1710,Roger Spottiswoode,3,23.437669333333332
692,Greg Mottola,3,32.18846033333333
1813,Simon Wells,3,22.602002
974,John Pasquin,3,13.829881
1355,Michael Ritchie,3,7.973080666666667
1834,Stephen Chow,3,14.526637666666666
1508,Paul Haggis,3,26.106994
1475,Olivier Megaton,3,57.32809000000001
347,Conrad Vernon,3,49.13316900000001
109,Anthony Minghella,3,28.45520466666667
932,John Boorman,3,7.918587
933,John Cameron Mitchell,3,9.731801666666668
399,Danny DeVito,3,10.948898
1922,Thomas Vinterberg,3,11.555156666666667
1919,Thomas Carter,3,13.500677333333334
1017,Jonathan Glazer,3,16.230988666666665
868,Jeff Wadlow,3,24.475842
1132,Kimberly Peirce,3,27.80275466666667
1503,Paul Feig,3,40.32660433333333
1923,Thor Freudenthal,3,24.87176
996,Jon Avnet,3,13.355151333333334
2019,Vincenzo Natali,3,26.50697033333333
1122,Kevin Rodney Sullivan,3,4.082497333333333
882,Jesse Dylan,3,18.899257666666667
1177,Leonard Nimoy,3,16.636094
1527,Pete Docter,3,109.22449033333332
116,Anton Corbijn,3,18.899274333333334
2010,Victor Fleming,3,38.97717866666667
276,Charles Martin Smith,3,8.282683
275,Charles Herman-Wurmfeld,3,3.095951000000001
899,Jim Sheridan,3,18.076614666666668
1471,Oliver Parker,3,15.809467333333332
1860,Steve Pink,3,20.791138333333333
908,Joe Carnahan,3,26.857156000000003
1512,Paul McGuigan,3,23.681381666666667
2012,Victor Salva,3,16.89582833333333
1845,Stephen T. Kay,3,5.571969
1378,Mike Binder,3,13.082103666666669
1004,Jon Knautz,3,3.990933333333333
1533,Peter Cattaneo,3,10.764627666666668
389,Daniel Espinosa,3,27.453844
1155,Lars von Trier,3,21.749092
1398,Mimi Leder,3,24.771607333333332
1171,Len Wiseman,3,59.92755066666667
905,Jodie Foster,3,18.719638333333332
855,Jean-Marie Poiré,3,10.673861
256,Carl Franklin,3,10.561530333333332
1184,Lewis Gilbert,3,28.578921666666663
137,Baltasar Kormákur,3,44.831098000000004
848,Jay Russell,3,6.930281
99,Angelina Jolie,3,19.530131666666666
1119,Kevin Macdonald,3,20.672853333333332
955,John Hamburg,3,19.940308
1979,Tony Gilroy,3,40.97606066666666
1362,Michael Tiddes,3,17.346012666666667
854,Jean-Marc Vallée,3,39.58357733333333
1397,Miloš Forman,3,61.26550566666666
1991,Trey Parker,3,19.590711333333335
990,John Waters,3,4.9666163333333335
1462,Nora Ephron,3,18.115289333333333
716,Harald Zwart,2,28.686713500000003
1166,Lee Daniels,2,25.384976
1494,Patrick Read Johnson,2,11.449392
917,Joe Swanberg,2,12.2154385
916,Joe Roth,2,9.9620475
699,Griffin Dunne,2,25.246502000000007
1323,Michael Cimino,2,12.583258000000004
1433,Nelson McCormick,2,8.7832345
914,Joe Nussbaum,2,11.2917735
1379,Mike Cahill,2,31.4790475
700,Guillaume Canet,2,14.0176825
1278,Martin McDonagh,2,28.817974
1131,Kim Jee-woon,2,27.8650905
1279,Martin Ritt,2,4.1130875
652,George Armitage,2,10.1073285
656,George Hickenlooper,2,8.973133
1401,Mitch Davis,2,2.09567
703,Gurinder Chadha,2,11.657257
1326,Michael Corrente,2,3.3588069999999997
1124,Kevin Spacey,2,4.263448
1067,Justin Chadwick,2,19.224563500000002
1163,Lawrence Guterman,2,18.275309500000002
1126,Kevin Tancharoen,2,8.8009945
655,George Gallo,2,1.741716
650,Geoffrey Sax,2,15.3653425
1284,Mary Lambert,2,10.498619499999998
956,John Herzfeld,2,14.049295
1005,Jon Lucas,2,39.0171615
1260,Mark Osborne,2,60.03703549999999
1154,Larry Clark,2,9.984541999999998
1240,Marco Kreuzpaintner,2,7.1790605
681,Glen Morgan,2,2.7284275
1222,Léa Pool,2,1.0417325
1267,Mark Steven Johnson,2,28.962479000000002
1658,Rob Letterman,2,34.09838
1264,Mark Rosman,2,18.220113
1255,Mark Herman,2,19.734385000000003
1077,Karan Johar,2,8.983394500000001
940,John Curran,2,16.596054000000002
1478,Oren Peli,2,27.6254115
1263,Mark Romanek,2,25.8041465
1079,Karey Kirkpatrick,2,24.333717
676,Gillian Armstrong,2,8.279011500000001
1500,Paul Andrew Williams,2,5.7287675
958,John Huston,2,4.0773255
674,Gil Kenan,2,29.917189
935,John Carney,2,27.393934
1146,Kurt Wimmer,2,30.2309745
948,John G. Avildsen,2,50.327326
1496,Patrick Stettner,2,4.271354
693,Gregor Jordan,2,6.3317705
673,Gil Junger,2,35.232029
923,Joel Paul Reisig,2,0.1299365
991,John Wells,2,25.519398000000002
1083,Kasi Lemmons,2,5.951403
925,Joel Zwick,2,12.6366005
1082,Karyn Kusama,2,31.105858
1248,Mario Van Peebles,2,1.7707110000000001
1389,Mike Mills,2,8.345537
1381,Mike Figgis,2,12.4487255
929,John A. Davis,2,16.489390999999998
662,George Roy Hill,2,26.5004545
1382,Mike Flanagan,2,21.0999565
1245,Marcus Raboy,2,4.6142275
1002,Jon Hurwitz,2,33.0698165
1614,Rian Johnson,2,28.2979675
1632,Richard Kwietniowski,2,4.489689500000001
1464,Norton Virgien,2,8.118412
1120,Kevin Munroe,2,14.504703
1574,Philip Kaufman,2,12.414264000000001
1110,Kevin Bray,2,14.270328
1578,Phyllida Lloyd,2,27.079499499999997
1447,Nick Park,2,31.084888
1091,Katsuhiro Ōtomo,2,24.2339525
1045,Josh Gordon,2,23.4530325
807,James Marsh,2,37.75716150000001
1445,Nick Love,2,5.9809725
874,Jeremy Saulnier,2,27.675391
1465,Ol Parker,2,11.621212500000002
1345,Michael Mayer,2,4.26356
1579,Pierre Coffin,2,125.3724885
1370,Mick Jackson,2,23.2062545
1047,Josh Trank,2,51.315421
976,John Polson,2,11.5364945
1583,Preston A. Whitmore II,2,2.795402
1542,Peter Hedges,2,10.332524
814,James Toback,2,5.1021465
852,Jean-Luc Godard,2,4.452345
816,James Watkins,2,32.018782
1349,Michael O. Sajbel,2,4.2265965
1114,Kevin Greutert,2,34.0172175
1118,Kevin Lima,2,19.5575205
1406,Morgan J. Freeman,2,0.7403379999999999
1358,Michael Schultz,2,2.8244339999999992
1559,Peter Sollett,2,14.3185185
1561,Peter Webber,2,13.255772
1354,Michael Radford,2,7.658581
964,John Luessenhop,2,22.4847225
1453,Nigel Cole,2,12.675677
989,John Turturro,2,2.0840435
828,Jared Hess,2,19.1227845
1568,Phil Joanou,2,11.0504475
1199,Lone Scherfig,2,16.8097405
1038,Joseph Kahn,2,8.892694499999998
820,Jamie Blanks,2,9.0315675
819,Jamie Babbit,2,4.462004
1039,Joseph Kosinski,2,70.746527
872,Jennifer Yuh Nelson,2,53.9976495
1589,Rachel Talalay,2,12.5215835
1437,Nicholas Meyer,2,19.311337
743,Howard Zieff,2,16.5617745
886,Jessie Nelson,2,17.6314155
1470,Oliver Hirschbiegel,2,24.059524500000002
757,Ira Sachs,2,1.5379045
1059,Julian Jarrold,2,12.7416535
1215,Luis Mandoki,2,8.632572
746,Hugh Hudson,2,6.0483329999999995
1060,Julian Schnabel,2,8.645787
1357,Michael Rymer,2,7.2082105
1528,Pete Travis,2,41.2683495
784,Jake Schreier,2,44.014866
1061,Julie Anne Robinson,2,21.289237
893,Jim Gillespie,2,20.162125
978,John R. Leonetti,2,36.070804
734,Henry Selick,2,29.622208
1220,Lynne Ramsay,2,11.892388
901,Jimmy Hayward,2,18.498125
1627,Richard Eyre,2,7.645212
981,John Sayles,2,3.0766605
1012,Jonas Åkerlund,2,5.6750015000000005
758,Irvin Kershner,2,50.9492935
1058,Julian Gilbey,2,9.004995000000001
1102,Ken Scott,2,23.4733475
1342,Michael Lembeck,2,10.3747735
1410,Morten Tyldum,2,83.09321849999999
1394,Mike Tollin,2,6.6073725
779,Jacques Perrin,2,7.228676500000001
775,Jack Smight,2,2.577117
878,Jerry Jameson,2,4.1797115
1168,Lee Toland Krieger,2,45.74424350000001
1053,José Padilha,2,45.1814025
1054,Juan Antonio Bayona,2,38.3159415
1056,Juan José Campanella,2,20.380208000000003
769,J.C. Chandor,2,31.944349
768,J.B. Rogers,2,19.670972
767,J. Lee Thompson,2,16.072033
1214,Luis Llosa,2,22.133744
1105,Kenneth Lonergan,2,6.020436
883,Jesse Peretz,2,8.031365000000001
761,Isabel Coixet,2,9.266010999999999
858,Jeannot Szwarc,2,12.785029999999999
1043,Joseph Zito,2,9.102739
643,Gaspar Noé,2,26.437824
319,Christopher Cain,2,6.5730865000000005
323,Christopher McQuarrie,2,85.69531800000001
326,Christopher Smith,2,19.197955
1883,Susanna White,2,17.191507
331,Clare Kilner,2,6.6969405
334,Clark Johnson,2,24.70253
1879,Stuart Gordon,2,5.7559355
1878,Stuart Gillard,2,6.5324565
1876,Stuart Baird,2,19.418604000000002
343,Colin Strause,2,32.825061
344,Colin Trevorrow,2,111.7791985
1871,Steven Zaillian,2,8.957772
350,Costa-Gavras,2,4.622268500000001
1868,Steven Shainberg,2,11.732770000000002
352,Courtney Solomon,2,11.9784155
353,Craig Brewer,2,8.912318500000001
1887,Sylvain White,2,15.912733999999999
1888,Sylvester Stallone,2,54.01295899999999
357,Craig Moss,2,3.6827155
1893,Takashi Shimizu,2,24.801192999999998
1913,Terry Zwigoff,2,20.3308355
281,Charles Stone III,2,3.7999125000000005
284,Charlie Kaufman,2,16.892761
1907,Teddy Chan,2,7.386374500000001
1906,Ted Post,2,18.0751195
292,Chris Kentis,2,13.6390885
293,Chris Koch,2,6.780562
294,Chris Miller,2,31.832627
297,Chris Noonan,2,21.376441
1901,Tate Taylor,2,27.627886500000002
306,Chris Williams,2,120.1091365
307,Christian Alvart,2,26.1357495
1897,Tamra Davis,2,7.298904
1896,Tamara Jenkins,2,5.986093500000001
310,Christian Duguay,2,5.372078
356,Craig Mazin,2,14.072050999999998
358,Craig R. Baxley,2,5.2478929999999995
1780,Sean McNamara,2,15.070886
1824,Stanley Kramer,2,13.950765
1812,Simon Curtis,2,21.105503499999998
444,David Leland,2,4.019507
447,David Mamet,2,4.091165
448,David McNally,2,18.545337
457,David Raynr,2,4.13009
1800,Sheldon Lettich,2,7.9479425
459,David S. Goyer,2,32.724419499999996
461,David Schwimmer,2,18.068047
1792,Shane Black,2,55.186059
1789,Seth Rogen,2,56.192548000000016
480,Deborah Kaplan,2,8.8774765
482,Deepa Mehta,2,2.0171289999999997
1783,Sergei Bodrov,2,36.8866795
491,Denzel Washington,2,12.095296000000001
1781,Sean Penn,2,28.070207
434,David Hackl,2,21.508496
1828,Stefan Ruzowitzky,2,7.608174
1865,Steven Quale,2,29.561017999999997
411,Dave Green,2,28.622558999999995
363,Cédric Klapisch,2,7.2224945
368,Daisy von Scherler Mayer,2,2.921671
1857,Steve McQueen,2,68.305663
1856,Steve Martino,2,49.768983000000006
1855,Steve James,2,8.952833
1850,Steve Boyum,2,3.0332455
1848,Steve Beck,2,24.058885500000002
1842,Stephen Norrington,2,45.6260835
388,Daniel Barnz,2,13.2101565
390,Daniel Lee,2,6.8480195
1837,Stephen Gaghan,2,10.379985
398,Danny Cannon,2,18.6674085
400,Danny Leiner,2,21.915219
401,Danny Pang,2,8.1984875
1831,Stephan Elliott,2,6.345257
274,Charles Ferguson,2,9.274526000000002
1918,Thomas Bezucha,2,15.713989999999999
265,Carroll Ballard,2,8.077482
2037,Werner Herzog,2,17.209254
2034,Wayne Kramer,2,14.644000000000002
2027,Walter Lang,2,1.5642775
98,Angela Robinson,2,9.2238455
104,Anne Fontaine,2,13.608405
2011,Victor Nunez,2,0.76408
2008,Vicky Jenson,2,27.270219
2007,Vic Sarin,2,7.115505000000001
124,Ariel Vromen,2,23.692857500000002
2003,Vadim Perelman,2,10.915434
2000,Uli Edel,2,6.046115500000001
138,Barbet Schroeder,2,11.538016499999998
1992,Troy Duffy,2,24.217232000000003
142,Barry Cook,2,14.962418
147,Bart Freundlich,2,4.8736795
151,Ben Affleck,2,43.114459
76,Andrew Dominik,2,30.0730615
73,Andrew Bergman,2,6.0872295
263,Carol Reed,2,4.842675999999999
70,Andrei Konchalovsky,2,13.190508000000005
2079,Zal Batmanglij,2,11.3835695
2075,Zach Braff,2,22.799615000000003
17,Akira Kurosawa,2,21.3438005
19,Akiva Schaffer,2,22.852734
23,Alan J. Pakula,2,16.6368525
2069,Yash Chopra,2,4.811196499999999
2068,Xavier Gens,2,27.275933499999997
30,Alan Taylor,2,148.935995
37,Alejandro Monteverde,2,7.0234250000000005
2056,William Malone,2,10.21075
2055,William Kaufman,2,4.3265685000000005
2051,William Dear,2,0.5132015
60,Allison Anders,2,11.6258265
2041,Whit Stillman,2,2.382652
2039,Wes Ball,2,122.488529
152,Ben Falcone,2,21.1063265
1985,Tony Richardson,2,2.529789
157,Ben Stassen,2,14.3363875
1980,Tony Goldwyn,2,7.1360790000000005
1956,Tom Hanks,2,17.620423
218,Brett Leonard,2,7.713309
1947,Todd Solondz,2,6.93321
224,Brian Gibson,2,5.9293315
229,Brian Koppelman,2,7.80547
1943,Todd Graff,2,6.735155499999999
234,Brian Trenchard-Smith,2,2.377229
1942,Todd Field,2,9.46125
243,Bruce McCulloch,2,5.6840955
1934,Tim Robbins,2,10.3832405
1932,Tim McCanlies,2,7.6941429999999995
1931,Tim Johnson,2,41.144264
253,Callie Khouri,2,6.212035
255,Camille Delamarre,2,25.2618455
1924,Ti West,2,11.507646000000001
1957,Tom Holland,2,17.733902
202,Bong Joon-ho,2,45.946979
1960,Tom McCarthy,2,26.5410665
178,Bille August,2,8.8384175
165,Bennett Miller,2,31.807641500000003
1975,Tommy Wirkola,2,32.116797999999996
169,Bernardo Bertolucci,2,14.8091615
1974,Tommy O'Haver,2,17.1540245
1972,Tommy Lee Jones,2,16.377656
176,Bill Paxton,2,11.771235499999998
180,Billy Bob Thornton,2,11.1649675
197,Bob Saget,2,5.5150500000000005
1969,Tom Vaughan,2,22.293916
182,Billy Ray,2,10.6424035
186,Blake Edwards,2,3.6438245
193,Bob Fosse,2,2.934275
195,Bob Odenkirk,2,6.4552815
196,Bob Rafelson,2,4.147909500000001
493,Derek Cianfrance,2,31.13837
1289,Mathieu Kassovitz,2,27.435901
618,Fred Wolf,2,15.399689500000001
641,Gary Trousdale,2,49.138265000000004
1733,Rupert Wyatt,2,80.5278105
1713,Roland Joffé,2,4.9306075
559,Eric Bross,2,1.5934385
1679,Robert Harmon,2,8.1167765
558,Eric Brevig,2,32.139058999999996
589,Florian Henckel von Donnersmarck,2,38.1824275
634,Gary Goldman,2,30.004864
1738,Ryan Coogler,2,39.3703645
1739,Ryan Fleck,2,12.760538
1705,Roger Avary,2,8.602427
1741,Ryan Murphy,2,16.7851535
549,Elizabeth Allen Rosenbaum,2,13.3064965
1703,Rodrigo García,2,6.659921000000001
1702,Rodrigo Cortés,2,27.7947015
611,François Ozon,2,9.6027415
1745,Salim Akil,2,3.59532
520,Douglas Aarniokoski,2,10.898177
620,Frederik Du Chau,2,12.058775999999998
539,Edward Burns,2,4.992464
537,Ed Harris,2,12.278964
1754,Sam Taylor-Johnson,2,50.353308
1751,Sam Miller,2,12.59886
532,Dwight H. Little,2,9.5789115
566,Eric Valette,2,8.233755
533,E. Elias Merhige,2,7.327526
571,Ernie Barbarash,2,5.965972500000001
1726,Rowdy Herrington,2,4.556826
1721,Ronald F. Maxwell,2,4.945785000000001
1774,Scott Stewart,2,29.6662655
1725,Rowan Joffe,2,25.953443
1648,Ricky Gervais,1,16.665841
1988,Travis Cluff,1,18.045782
1660,Rob McKittrick,1,10.230583
1990,Trent Cooper,1,2.184708
1395,Mike van Diem,1,0.0116969999999999
1951,Tom DiCillo,1,1.354816
1396,Mikel Rueda,1,1.233688
1952,Tom Elkins,1,11.708343
1953,Tom Ford,1,21.626288
1989,Travis Zariwny,1,5.3793190000000015
1701,Rodman Flender,1,8.583217
1699,Robin Budd,1,15.341196
1993,Troy Miller,1,15.67747
1987,Tran Anh Hung,1,8.266124000000001
1400,Miranda July,1,9.719094
1984,Tony Maylam,1,4.857028
1402,Mitchell Lichtenstein,1,7.359286
1954,Tom Gormican,1,37.821106
1983,Tony Krantz,1,6.833164
1982,Tony Kaye,1,73.56723199999998
1981,Tony Jaa,1,9.029489
1696,Robert Towne,1,3.849873
1695,Robert Stromberg,1,110.620647
1391,Mike Nawrocki,1,1.8001189999999998
1694,Robert Stevenson,1,59.961523
1376,Mike Barker,1,13.118982999999998
1377,Mike Bigelow,1,10.259461
2006,Vic Armstrong,1,33.452469
2005,Valerie Red-Horse,1,0.5787979999999999
1380,Mike Disa,1,10.694417
1662,Rob Pritts,1,3.4957580000000004
2004,Valeri Milev,1,5.346205
1693,Robert Stevenhagen,1,16.493576
2001,Ulu Grosbard,1,4.746085
1440,Nicholaus Goossen,1,9.974681
1999,Udayan Prasad,1,3.803495
1978,Tony Giglio,1,3.687574
1383,Mike Gabriel,1,47.845589
1948,Todd Strauss-Schulson,1,17.971883
1949,Tom Brady,1,3.919057
1384,Mike Hodges,1,12.343507
1997,Tyler Oliver,1,5.065752
1996,Tuck Tucker,1,5.856363
1995,Tsui Hark,1,2.706207
1387,Mike Marvin,1,10.47644
1388,Mike McCoy,1,21.958055
1994,Troy Nixey,1,14.562197
1657,Rob Hedden,1,12.904615
1656,Rob Hawk,1,1.224105
1962,Tom McLoughlin,1,11.158167
1966,Tom Seidman ,1,0.065103
1959,Tom Kalin,1,3.531877
1434,Newt Arnold,1,17.49699
1417,Nadine Labaki,1,4.554574
1418,Nae Caranfil,1,9.159265
1717,Ron Fricke,1,12.781973
1961,Tom McGrath,1,68.757242
1711,Roger Vadim,1,14.171759
1431,Neil Mcenery-West,1,2.122451
1420,Nancy Walker,1,6.5742850000000015
1646,Rick Friedberg,1,11.238522
1421,Nanette Burstein,1,13.611544
1415,Na Hong-jin,1,9.05029
1422,Nat Faxon,1,32.14444
1423,Natalie Bible',1,0.504251
1424,Nate Parker,1,9.452808
1965,Tom Schulman,1,5.016607
1964,Tom Reeve,1,4.120549
1425,Nathan Frankowski,1,6.7230570000000025
1426,Neal Brennan,1,3.352702
1963,Tom Putnam,1,0.126676
1714,Roland Suso Richter,1,3.789485
1647,Rick Rosenthal,1,11.045592999999998
1416,Nacho Vigalondo,1,19.02965
1414,Måns Mårlind,1,58.40120400000001
1955,Tom Green,1,8.710294000000001
1409,Mort Nathan,1,7.034752
1438,Nicholas Ray,1,3.321095
1403,Molly Bernstein,1,0.425195
1404,Mona Lerche,1,0.926084
1405,Mora Stephens,1,8.516229
1977,Tony Bill,1,13.155999
1976,Tony Bancroft,1,67.427755
1704,Roger Allers,1,90.457886
1407,Morgan Neville,1,5.247955999999999
1723,Ronan Chapalain,1,4.498368
1706,Roger Christian,1,7.89147
1375,Mikael Salomon,1,10.930537
1413,Márcio Garcia,1,2.680629
1436,Nicholas Jarecki,1,16.40512
1722,Ronald Neame,1,2.637355
1653,Ritesh Batra,1,14.017809
1971,Tomm Moore,1,10.621353
1411,Moustapha Akkad,1,2.864979
1652,Rita Merson,1,2.025701
1970,Tomas Alfredson,1,33.649652
1412,Myles Berkowitz,1,0.408073
1651,Risa Bramon Garcia,1,3.5611980000000005
1650,Ringo Lam,1,10.115011
1973,Tommy Lee Wallace,1,12.030456
1584,Quentin Dupieux,1,9.108949
1691,Robert Rossen,1,17.639478
1676,Robert Fontaine,1,0.039007
1310,Mel Smith,1,1.769593
1678,Robert Hall,1,1.859965
1311,Mel Stuart,1,23.981601
1312,Melville Shavelson,1,2.094151
2067,Xavier Beauvois,1,4.992475
1313,Melvin Van Peebles,1,0.132878
1314,Mennan Yapo,1,22.049787
1315,Menno Meyjes,1,5.737161
2066,Wych Kaosayananda,1,8.37378
1316,Mervyn LeRoy,1,7.973109
1317,Mic Rodgers,1,14.566664
1318,Michael Anderson,1,12.268142999999998
2062,Wolfgang Becker,1,11.086001
1672,Robert C. Cooper,1,8.591387
2061,Wilson Yip,1,19.167377
2060,William Wyler,1,8.38717
2059,William Shatner,1,19.578249
1322,Michael Chapman,1,5.484679
2058,William Sachs,1,2.141143
2057,William Phillips,1,3.753703
1680,Robert Heath,1,6.679954
1324,Michael Clancy,1,9.085482
1325,Michael Cohn,1,4.810621
1327,Michael Crichton,1,12.434688
2054,William H. Macy,1,10.619574
1328,Michael Cristofer,1,14.831402
1329,Michael Cuesta,1,21.343093
1677,Robert Greenwald,1,1.404175
2070,Yoon Je-kyoon,1,4.628525
1331,Michael D. Sellers,1,0.301884
2071,Yorgos Lanthimos,1,28.858238
1291,Matt Cimber,1,1.063615
1292,Matt Jackson,1,0.133619
1293,Matt Johnson,1,0.833937
1294,Matt Piedmont,1,5.754416
2085,Éric Tessier,1,0.205034
2084,Émile Gaudreault,1,2.080741
1296,Matt Williams,1,6.857923
1297,Matthew Bright,1,4.682881
2083,Álex de la Iglesia,1,9.318033
2082,Àlex Pastor,1,12.708963
2081,Zoran Lisinac,1,0.166655
1298,Matthew O'Callaghan,1,9.894346
1299,Matthew Robbins,1,3.258422
1675,Robert Eggers,1,50.319662
2078,Zackary Adler,1,1.7595060000000002
2076,Zach Cregger,1,9.371534
1301,Matty Rich,1,0.269661
1302,Maurice Joyce,1,1.88484
1674,Robert Duvall,1,4.227807
1303,Max Joseph,1,28.819424
1304,Max Mayer,1,8.308442
2074,Yvette Kaplan,1,10.410933
1305,Maïwenn,1,14.038703
2073,Yuefeng Song,1,5.057695
1673,Robert D. Webb,1,1.444258
1307,Meiert Avis,1,2.0095970000000003
2072,Youssef Delara,1,1.998826
2052,William Eubank,1,27.662696
1332,Michael Dinner,1,2.634119
1664,Rob Schmidt,1,33.555764
1353,Michael Pressman,1,15.505137
2028,Walter Murch,1,5.650125
1356,Michael Roemer,1,0.008453
2024,Wally Pfister,1,58.991388
1359,Michael Spierig,1,28.019226
2023,Wallace Wolodarsky,1,3.444542
1360,Michael Sucsy,1,26.780961
1361,Michael Taliferro,1,0.328498
1667,Robert Adetuyi,1,2.873796
2022,W.D. Hogan,1,1.959405
1363,Michael Wadleigh,1,3.409764
1364,Michael Winner,1,0.289433
1365,Michael Winnick,1,2.101718
2021,Vondie Curtis-Hall,1,3.809131
2020,Vladlen Barbe,1,5.33861
1666,Robby Henson,1,1.946715
2018,Vincente Minnelli,1,0.90522
1368,Michel Hazanavicius,1,29.943316
1369,Michel Leclerc,1,6.368933
2017,Vincent Ward,1,21.891078
1371,Mickey Liddell,1,8.309894
2016,Vincent Paronnaud,1,24.281951
2015,Vincent Gallo,1,3.4121620000000004
1373,Miguel Sapochnik,1,25.799697
2014,Vijay Chandar,1,0.320387
2013,Vidhu Vinod Chopra,1,4.289676
1644,Rick Bieber,1,0.215464
2009,Vicky Jewson,1,1.136568
2031,Warren P. Sonoda,1,0.909067
2032,Warren Sheppard,1,0.251828
1333,Michael Dougherty,1,31.565117
1351,Michael Patrick King,1,18.325897
1682,Robert Kenner,1,15.017162
2049,William Arntz,1,7.2883520000000015
1334,Michael Dowse,1,11.766564
2048,William A. Graham,1,9.705589
1335,Michael Gornick,1,10.729884
2047,William A. Fraker,1,11.725805
1336,Michael Haigney,1,9.18885
2046,Willard Huyck,1,11.374306
1683,Robert Lee King,1,2.855963
2044,Will Finn,1,19.625972
2043,Will Canon,1,12.564554
1339,Michael Hoffman Jr.,1,1.600171
1340,Michael J. Bassett,1,23.292761
2042,Wil Shriner,1,7.712206
1671,Robert Butler,1,4.700024
1684,Robert Lorenz,1,18.587114
1670,Robert Bennett,1,0.783842
1344,Michael Martin,1,0.593068
1686,Robert Marcarelli,1,1.288173
1346,Michael McCullers,1,11.409124
1687,Robert Moresco,1,3.942464
1347,Michael McGowan,1,1.688495
1669,Robert B. Weide,1,16.785866
2035,Wayne Thornley,1,14.182301
1688,Robert Mulligan,1,22.139842
1350,Michael Patrick Jann,1,6.736274000000001
2033,Wayne Beach,1,6.630856
1945,Todd Lincoln ,1,6.385234
1448,Nick Tomnay,1,6.507094
1442,Nick Gomez,1,3.021835
1599,Rand Ravich,1,20.697556
1761,Saul Dibb,1,18.591657
1841,Stephen Milburn Anderson,1,8.207425
1839,Stephen Hillenburg,1,27.870755
1536,Peter Cousens,1,4.389363
1537,Peter DeLuise,1,3.898737
1762,Scandar Copti,1,0.51799
1538,Peter Faiman,1,16.072466
1539,Peter Flinth,1,6.091033
1540,Peter H. Hunt,1,1.807571
1763,Scott Alexander,1,5.359381
1541,Peter Hastings,1,6.908351
1766,Scott Dow,1,1.332804
1833,Stephen Chbosky,1,43.444135
1534,Peter Chan,1,6.884467
1832,Stephen Anderson,1,19.143721
1598,Ramaa Mosley,1,10.639774
1830,Stefen Fangmeier,1,30.863434
1829,Stefan Schwartz,1,1.204941
1597,Ralph Zondag,1,26.548594
1767,Scott Foley,1,8.496364
1547,Peter Kassovitz,1,8.962245
1548,Peter Kosminsky,1,9.423866
1549,Peter Landesman,1,35.120736
1550,Peter Lepeniotis,1,18.568021
1551,Peter Lord,1,23.700759
1827,Stanton Barrett,1,2.394613
1760,Sarik Andreasyan,1,11.431434
1601,Randall Miller,1,6.174435
1552,Peter M. Cohen,1,2.144354
1521,Paweł Pawlikowski,1,13.265432
1513,Paul Michael Glaser,1,30.131498
1864,Steven E. de Souza,1,19.286099
1756,Sammo Hung,1,7.077505
1862,Steve Trenbirth,1,19.819893
1861,Steve Taylor,1,1.6116
1516,Paul Tibbitt,1,36.952268
1605,Ray Lawrence,1,8.950864
1757,Sanaa Hamri,1,10.409253
1758,Sara Sugarman,1,7.424798
1603,Randy Moore,1,1.352222
1519,Paul Weiland,1,19.574774
1854,Steve Hickner,1,29.332905
1853,Steve Carver,1,8.452666
1844,Stephen St. Leger,1,35.232278
1522,Pedro Almodóvar,1,19.747809
1851,Steve Buscemi,1,3.433625
1523,Penelope Spheeris,1,21.815122
1759,Sarah Gavron,1,0.262135
1525,Perry Andelin Blake,1,4.382761
1526,Perry Lang,1,1.734764
1849,Steve Bendelack,1,27.683874
1847,Steve Barron,1,6.718497
1529,Peter Atencio,1,18.268009
1846,Steve Antin,1,22.863516
1531,Peter Billingsley,1,26.676487
1532,Peter Care,1,2.24888
1826,Stanley Tong,1,17.318839
1596,Ralph Ziman,1,1.7173759999999998
1443,Nick Hamm,1,12.10235
1576,Philip Zlotorynski,1,0.6882199999999999
1570,Phil Morrison,1,3.613577
1571,Phil Traill,1,13.237835
1572,Phil Vischer,1,1.446172
1771,Scott Mann,1,15.079993
1772,Scott Smith,1,1.444476
1590,Rafa Lara,1,0.072085
1573,Philip G. Atwell,1,18.896239
1797,Sharon Maguire,1,35.310712
1796,Shari Springer Berman,1,2.26778
1794,Shane Dawson,1,1.186971
1793,Shane Carruth,1,23.307949
1575,Philip Saville,1,3.208172
1773,Scott Speer,1,29.775441
1801,Sherman Alexie,1,0.06104
1791,Shane Acker,1,55.806402
1588,Rachel Goldenberg,1,0.4604899999999999
1587,RZA,1,17.672021
1785,Sergey Bondarchuk,1,1.894749
1784,Sergei Bodrov Jr.,1,8.212017999999999
1586,R.J. Cutler,1,31.162838
1782,Serdar Akar,1,1.465762
1775,Scott Walker,1,28.060472
1776,Scott Waugh,1,54.81489000000001
1581,Pitof,1,32.271938
1582,Prachya Pinkaew,1,11.81832
1778,Sean Byrne,1,4.989985
1770,Scott Kalvert,1,0.7534810000000001
1802,Shim Hyung-Rae,1,4.822033
1823,Stanley Donen,1,36.556954
1809,Siddiq Barmak,1,1.447734
1553,Peter MacDonald,1,31.294717
1822,Stacy Peralta,1,3.291609
1554,Peter Medak,1,4.850402
1819,Spencer Susser,1,13.635828
1555,Peter R. Hunt,1,25.289665
1818,Soi Cheang,1,4.7262900000000005
1816,Sngmoo Lee,1,7.349497
1556,Peter Ramsey,1,61.788035
1595,Ralph Nelson,1,0.178689
1594,Ralph Fiennes,1,7.554799000000001
1810,Sidney J. Furie,1,17.062117
1558,Peter Sohn,1,51.692953
1808,Siddharth Anand,1,0.553752
1803,Shimit Amin,1,3.000435
1768,Scott Frank,1,61.309619
1560,Peter Stebbings,1,8.45342
1807,Shyam Madiraju,1,2.713171
1593,Rakeysh Omprakash Mehra,1,5.206967
1592,Raja Menon,1,2.551559
1563,Peter Yates,1,9.904881
1806,Shona Auerbach,1,3.1131900000000003
1564,Petter Næss,1,2.5263560000000003
1805,Shintaro Shimosawa,1,10.016909
1566,Phil Alden Robinson,1,22.392544
1567,Phil Claydon,1,6.632891000000001
1804,Shinji Aramaki,1,14.726338
1866,Steven R. Monroe,1,26.281839
1606,Raymond De Felitta,1,6.497285
1607,Rebecca Miller,1,3.618646
1911,Terry George,1,28.60542
1732,Rupert Wainwright,1,14.993169
1921,Thomas Lilti,1,2.651304
1467,Ole Bornedal,1,21.680424
1920,Thomas Langmann,1,20.344364
1468,Ole Christian Madsen,1,7.028946
1469,Oleg Stepchenko,1,7.182761
1917,Theodore Witcher,1,1.000178
1916,Theodore Melfi,1,43.791745
1915,Thea Sharrock,1,53.161905
1914,Thaddeus O'Sullivan,1,1.498245
1734,Russ Meyer,1,4.289003
1473,Olivier Assayas,1,1.138383
1474,Olivier Dahan,1,10.958697
1731,Rupert Sanders,1,77.178973
1735,Russell Crowe,1,22.096286
1908,Terence Davies,1,3.007816
1476,Olly Blackburn,1,3.283886
1477,Oren Moverman,1,8.432400999999999
1737,Rusty Cundieff,1,3.89204
1630,Richard J. Lewis,1,4.952735
1905,Ted Kotcheff,1,63.071046
1904,Ted Demme,1,28.350529
1629,Richard Glatzer,1,35.307577
1902,Tay Garnett,1,0.1813
1479,Orson Welles,1,8.055083999999999
1626,Richard E. Grant,1,2.356244
1466,Olatunde Osunsanmi,1,22.888173
1730,Ruggero Deodato,1,1.631993
1867,Steven Seagal,1,9.114168
1452,Niels Arden Oplev,1,29.647844
1444,Nick Hurran,1,6.246199
1727,Ruairi Robinson,1,18.764453
1643,Richard Williams,1,2.439184
1642,Richard Wallace,1,0.042442
1446,Nick Murphy ,1,25.30216
1941,Tod Williams,1,22.789649
1779,Sean Durkin,1,17.806082
1449,Nickolas Perry,1,0.340019
1939,Tina Gordon Chism,1,5.112809
1937,Timothy Woodward Jr.,1,1.105357
1936,Timothy Bjorklund,1,1.374409
1728,Ruba Nadda,1,6.783053
1640,Richard Schenkman,1,31.339015000000003
1925,Tim Blake Nelson,1,4.146751999999998
1933,Tim Miller,1,198.372395
1455,Nils Gaup,1,0.702971
1456,Nima Nourizadeh,1,49.070321
1639,Richard Rich,1,1.874783
1638,Richard Raymond,1,1.972668
1459,Noah Buschel,1,1.161034
1460,Noam Murro,1,71.51059599999998
1461,Noel Marshall,1,1.15641
1930,Tim Hunter,1,6.463806
1637,Richard Marquand,1,46.509071
1928,Tim Heidecker,1,1.75311
1927,Tim Fywell,1,13.288177
1480,P.J. Hogan,1,15.401855
1481,Pan Nalin,1,0.48088
1625,Richard Dutcher,1,0.2800829999999999
1874,Stig Bergqvist,1,4.590277
1747,Sam Fell,1,39.539045
1497,Patrick Tatopoulos,1,51.927471
1881,Stéphane Aubier,1,11.103202
1880,Stuart Hazeldine,1,20.265518
1498,Patty Jenkins,1,19.683187
1499,Paul Abascal,1,9.149089
1615,Ric Roman Waugh,1,30.556135
1877,Stuart Beattie,1,31.32473400000001
1613,René Féret,1,0.774442
1501,Paul Bartel,1,6.473667
1502,Paul Donovan,1,0.319792
1875,Stiles White,1,56.30466
1873,Stewart Raffill,1,3.810697
1899,Tara Subkoff,1,2.815228
1504,Paul Fierlinger,1,1.170257
1748,Sam Firstenberg,1,5.061107
1749,Sam Levinson,1,3.238466
1505,Paul Fox,1,1.428483
1872,Stewart Hendler,1,8.780512
1507,Paul Gross,1,2.405911
1611,Remo D'Souza,1,1.294967
1509,Paul Hunter,1,15.207070000000002
1610,Reinhard Klooss,1,8.010046
1608,Regardt van den Bergh,1,0.147886
1510,Paul King,1,39.882276
1511,Paul Mazursky,1,1.6473349999999998
1882,Susan Stroman,1,6.803965
1495,Patrick Ryan Sims,1,0.053755
1616,Rich Christiano,1,0.339757
1493,Patrick Meaney,1,0.54562
1898,Tanner Beard,1,1.002585
1740,Ryan Little,1,6.003418
1482,Panos Cosmatos,1,7.717237
1483,Paolo Sorrentino,1,32.523573
1742,Ryan Smith,1,4.596157
1485,Pascal Chaumeil,1,11.60921
1743,Ryûhei Kitamura,1,19.913961
1486,Pat Holden,1,2.805351
1895,Takeshi Kitano,1,5.327714
1894,Takashi Yamazaki,1,5.158067
1487,Pat O'Connor,1,19.372805
1621,Richard Boddington,1,2.492747
1488,Patrice Leconte,1,1.7800650000000002
1290,Matt Bettinelli-Olpin,1,14.741589
1891,Taedong Park,1,1.413934
1490,Patricia Rozema,1,6.27141
1890,Tadeo Garcia,1,0.029757
1889,Sylvio Tabet,1,1.478505
1744,S.S. Rajamouli,1,16.254032000000002
1619,Richard Ayoade,1,8.518866000000001
1491,Patrick Hughes,1,61.025639
1886,Sylvain Chomet,1,13.944645
1617,Rich Moore,1,62.341073
1746,Sally Potter,1,3.677831
1884,Susanne Bier,1,8.842869
1892,Takao Okawara,1,3.322721
0,Aaron Hann,1,6.752141
1288,Mathieu Amalric,1,2.486992
432,David Gelb,1,20.304235
428,David Evans ,1,0.616283
427,David E. Talbert,1,11.436405
426,David Duchovny,1,6.337735
424,David DeCoteau,1,0.4594
423,David Cross,1,3.638411
421,David Carson,1,14.779041
420,David Boyd,1,3.085411
417,David Atkins,1,4.148253
416,David Anspaugh,1,2.013405
415,Dave Willis,1,1.4531459999999998
414,Dave Payne,1,4.346271
413,Dave Meyers,1,0.796009
412,Dave McKean,1,7.758188
410,Darren Stein,1,4.337685
408,Darren Grant,1,3.784535
406,Darnell Martin,1,13.427427
405,Darin Scott,1,1.968679
404,Dany Boon,1,18.923181
403,Danny Steinmann,1,12.639469
402,Danny Perez,1,3.674294
396,Daniele Luchetti,1,0.738646
429,David F. Sandberg,1,48.170508
436,David Hayter,1,7.922639
394,Daniel Stamm,1,14.838985999999998
437,David Hewlett,1,2.213889
475,Dean Israelite,1,32.940597
474,Dean DeBlois,1,100.21391
473,Dax Shepard,1,16.668854
469,David Winning,1,1.893697
468,David Webb Peoples,1,6.41678
465,David Soren,1,44.765377
463,David Sington,1,3.4315900000000004
462,David Silverman,1,46.875375
460,David S. Ward,1,7.559191999999999
458,David Robert Mitchell,1,100.876794
456,David Ray,1,0.077876
454,David Oelhoffen,1,3.363973
452,David Nutter,1,9.378688
451,David Nixon,1,3.644872
450,David Moreau,1,11.135734
449,David Mirkin,1,13.932203
445,David Lowery,1,31.974359000000003
442,David Lam,1,0.542814
441,David LaChapelle,1,1.623769
439,David Kellogg,1,17.561954999999998
438,David Jacobson,1,7.433574
395,Daniel Taplitz,1,6.904734
393,Daniel Sackheim,1,9.448517
478,Deb Hagan,1,7.034617999999999
362,Cyrus Nowrasteh,1,1.884558
359,Craig Zobel,1,8.942203
355,Craig Johnson,1,15.699363
351,Courtney Hunt,1,4.805651
349,Cory Edwards,1,23.980329
348,Corey Yuen Kwai,1,12.790408
346,Conor McMahon,1,7.447713999999999
345,Collin Joseph Neal,1,0.595809
342,Colin Minihan,1,13.222268
341,Colin Higgins,1,4.189378
340,Cody Cameron,1,41.247402
339,Clive Barker,1,22.583834
337,Claudia Sainte-Luce,1,1.473405
336,Claudia Llosa,1,6.500835
335,Claude Chabrol,1,0.6279640000000001
333,Clark Gregg,1,11.637458
332,Clark Baker,1,0.322553
330,Ciaran Foy,1,26.090495
329,Chuck Sheetz,1,5.699058
327,Christopher Spencer,1,9.175762
325,Christopher Roberts,1,5.259585
322,Christopher Leitch,1,4.103764
360,Cristian Mungiu,1,9.270133
365,D.W. Griffith,1,3.232447
392,"Daniel Petrie, Jr.",1,3.230779
366,DJ Pooh,1,2.453459
391,Daniel Myrick,1,41.690578
387,Daniel Barber,1,16.829837
386,Dan Zukovic,1,0.678475
385,Dan Trachtenberg,1,53.698683
384,Dan St. Pierre,1,6.682006
383,Dan Scanlon,1,89.186492
382,Dan Rush,1,9.169411
381,Dan Reed,1,8.302951
380,Dan O'Bannon,1,14.961629
379,Dan Mazer,1,56.805781
378,Dan Ireland,1,0.409089
377,Dan Harris,1,2.85283
376,Dan Gilroy,1,89.095538
375,Dan Fogelman,1,16.318607999999998
374,Dan Cutforth,1,8.410688
373,Damon Santostefano,1,7.553773
372,Damien O'Donnell,1,3.667372
371,Damien Dante Wayans,1,7.326034
370,Damien Chazelle,1,192.528841
369,Damian Nieman,1,4.665309
367,Dagur Kári,1,2.201678
477,Dean Wright,1,5.759545
479,Deborah Anderson,1,2.557258
1287,Mateo Gil,1,5.223096
583,Fernando León de Aranoa,1,3.663108
581,Fenton Bailey,1,4.129165
580,Fede Alvarez,1,33.912116
579,Fatih Akin,1,5.461487
578,Fabián Bielinsky,1,8.589355
576,Eytan Fox,1,1.49436
575,Eugène Lourié,1,2.043661
574,Eugenio Derbez,1,9.59729
573,Etan Cohen,1,36.301202
572,Errol Morris,1,0.888986
570,Ernest R. Dickerson,1,7.710797
569,Erik White,1,9.054803
568,Erik Canuel,1,5.069095
567,Ericson Core,1,33.507289
565,Eric Styles,1,0.11615
564,Eric Nicholas,1,2.175696
563,Eric Mendelsohn,1,0.17817
562,Eric Lavaine,1,5.119593
561,Eric Lartigau,1,25.302978
557,Eric Bress,1,73.307513
556,Eric Blakeney,1,3.988432
555,Emily Young,1,4.799022
582,Fergal Reilly,1,45.720894
585,Ferzan Ozpetek,1,7.720692
553,Emilio Estevez,1,11.706309
586,Fina Torres,1,3.535789
617,Fred Walton,1,8.190888000000001
616,Fred Schepisi,1,3.603842
615,Fred Savage,1,12.601677
614,Fred Durst,1,4.030724
613,Fred Dekker,1,14.725467000000002
612,François Truffaut,1,3.654018
610,François Girard,1,6.18869
608,Frank Whaley,1,0.098351
607,Frank Sebastiano,1,1.73892
606,Frank Perry,1,3.102862
604,Frank Nissen,1,9.03154
603,Frank Miller,1,14.84856
601,Frank LaLoggia,1,1.435742
597,Frank Borzage,1,1.199451
596,Franco Zeffirelli,1,2.238646
595,Franck Khalfoun,1,19.331884
592,Francesca Gregorini,1,2.015525
591,Forest Whitaker,1,7.922716
590,Floyd Mutrux,1,0.037073
588,Floria Sigismondi,1,17.611971
587,Florent-Emilio Siri,1,23.663713
554,Emily Dell,1,0.631571
552,Emile Ardolino,1,0.068228
481,Debra Granik,1,20.834883
513,Don Siegel,1,26.356697
510,Don Mancini,1,12.653831
508,Don Bluth,1,28.670193
507,Dominique Othenin-Girard,1,8.008844
505,Dominic Burns,1,8.248149
504,Dito Montiel,1,7.701186
503,Dick Richards,1,3.829937
502,Diane Keaton,1,3.415534
501,Diane English,1,8.8321
500,Dexter Fletcher,1,29.365851
499,Dewey Nicks,1,9.371811
498,Des McAnuff,1,8.981427
497,Deryck Broom,1,0.165909
496,Derrick Borte,1,14.979375
495,Derick Martini,1,2.00163
494,Derek Yee Tung-Sing,1,5.2943190000000016
492,Deon Taylor,1,2.504156
490,Denys Arcand,1,3.03091
489,Dennis Iliadis,1,19.760383
488,Dennis Hopper,1,0.679351
487,Dennis Gansel,1,25.281197
483,Demian Lichtenstein,1,11.262655
512,Don Scardino,1,26.9385
514,Don Taylor,1,18.30961
551,Ellory Elkayem,1,17.834976
516,Doug Atchison,1,4.932893
550,Elizabeth Banks,1,71.496894
546,Eli Craig,1,19.940245
545,Elaine May,1,2.410546
544,Ekachai Uekrongtham,1,6.677925999999999
542,Edward Norton,1,8.085872
541,Edward Hall,1,0.812776
540,Edward Dmytryk,1,3.598457
536,Ed Gass-Donnelly,1,10.605752
535,Ed Decter,1,13.525704
534,E.L. Katz,1,10.826253
531,Dustin Hoffman,1,7.722021000000002
530,Duncan Tucker,1,9.773398
528,Duane Journey,1,2.503612
527,Dror Moreh,1,2.828303
526,Drew Goddard,1,73.987775
525,Drew Barrymore,1,20.05902
524,Drake Doremus,1,21.825564
523,Douglas Trumbull,1,11.095414
521,Douglas Cheek,1,4.45544
518,Doug Lefler,1,12.282911
517,Doug Block,1,0.049921
320,Christopher Erskin,1,4.623609
318,Christopher B. Landon,1,19.984477
317,Christophe Gans,1,32.927994
113,Anthony Silverston,1,6.459787
110,Anthony O'Brien,1,0.803761
108,Anthony Mann,1,4.229941999999999
107,Anthony Hickox,1,3.107149
106,Anthony Hemingway,1,12.29603
105,Anthony C. Ferrante,1,20.466433
102,Annabel Jankel,1,14.587367
101,Anna Muylaert,1,9.683622
100,Angelo Pizzo,1,3.102987
95,Andy Muschietti,1,47.455148
94,Andy García,1,3.5885290000000003
92,Andy Cadiff,1,3.362045
91,Andrés Couturier,1,0.719996
90,André Øvredal,1,12.982319
89,André Téchiné,1,2.351706
87,Andrey Zvyagintsev,1,7.744166000000001
86,Andrew Traucki,1,7.245108
85,Andrew Steggall,1,0.42583
82,Andrew Morahan,1,7.964450999999999
81,Andrew Leman,1,1.777148
80,Andrew Jarecki,1,20.086645
79,Andrew Haigh,1,1.041254
111,Anthony Powell,1,1.883947
114,Anthony Stacchi,1,30.656345
74,Andrew Currie,1,5.244518
117,Antonia Bird,1,9.164386
146,Barry W. Blaustein,1,2.778633
144,Barry Skolnick,1,8.816995
141,Barrett Esposito,1,0.999655
140,Barnaby Thompson,1,7.377586999999999
136,Babar Ahmed,1,1.088501
135,Babak Najafi,1,61.849521
134,Ayan Mukherjee,1,3.3531760000000004
133,Avi Nesher,1,0.964802
132,Ava DuVernay,1,29.023184000000004
131,Audrey Wells,1,12.309718
129,Ash Brannon,1,23.230851
128,Ash Baron-Cohen,1,0.918116
127,Asghar Farhadi,1,12.049373
126,Asger Leth,1,34.041407
125,Arjun Sablok,1,0.2851309999999999
123,Arie Posin,1,3.528643
122,Ari Sandel,1,40.28709
121,Ari Folman,1,14.08251
120,Anurag Basu,1,4.807549
119,Antony Hoffman,1,13.800656
118,Antonio Banderas,1,5.770246
77,Andrew Douglas,1,30.205943
71,Andrei Tarkovsky,1,24.132271
316,Christophe Barratier,1,20.982455
32,Albert Brooks,1,2.857936
29,Alan Smithee,1,0.666218
28,Alan Shapiro,1,4.475007
27,Alan Rudolph,1,2.695896
26,Alan Poul,1,18.38292
24,Alan Metter,1,11.946898
22,Alan Cohn,1,7.708227000000001
21,Alan Alda,1,8.067702
20,Alain Resnais,1,1.866443
18,Akiva Goldsman,1,22.736038
16,Agustín Díaz Yanes,1,6.0096440000000015
15,Agnieszka Wojtowicz-Vosloo,1,14.570359
14,Agnieszka Holland,1,5.062687
13,Adrienne Shelly,1,9.67299
10,Adam Rifkin,1,5.7003330000000005
9,Adam Rapp,1,3.643608
7,Adam Marcus,1,10.341982000000002
6,Adam Jay Epstein,1,8.148187
5,Adam Green,1,12.677016
4,Adam Carolla,1,0.8590139999999999
3,Adam Brooks,1,29.173266
2,Abel Ferrara,1,2.950618
31,Alan Yuen,1,3.376967
34,Alejandro Agresti,1,29.88736
69,Andrea Di Stefano,1,25.112567
38,Aleksandr Veledinskiy,1,1.876621
68,Andrea Arnold,1,12.68672
66,Analeine Cal y Mayor,1,0.217538
65,Amy Holden Jones,1,0.001586
63,Amat Escalante,1,3.629777
62,Amanda Gusack,1,1.348114
61,Allison Burnett,1,8.976128
59,Allen Hughes,1,29.490057
58,Allen Coulter,1,36.764666
57,Allan Dwan,1,3.851
56,Allan Arkush,1,0.5180560000000001
55,Alister Grierson,1,20.063165
54,Alison Maclean,1,5.581743
50,Alexander Witt,1,29.880122
48,Alex Zamm,1,0.587276
47,Alex Rivera,1,4.624691
46,Alex Ranarivelo,1,1.193219
43,Alex Gibney,1,0.7485649999999999
42,Alex Garland,1,95.130041
41,Alex Craig Mann,1,2.3918470000000003
40,Alex Cox,1,11.35344
39,Aleksey German,1,3.120016
149,Becky Smith,1,0.108468
150,Beeban Kidron,1,28.803802
153,Ben Garant,1,4.207456
278,Charles Robert Carner,1,1.82184
273,Charles Adelman,1,1.271621
272,Chad Kapper,1,0.249561
271,Cedric Nicolas-Troyan,1,60.467984
270,Cecil B. DeMille,1,8.988455
269,Cathy Malkasian,1,5.784661
267,Cassandra Nicolaou,1,0.2312969999999999
266,Carter Smith,1,13.715715
264,Caroline Link,1,3.481517
262,Carmen Marron,1,0.500753
261,Carlos Saura,1,0.425551
259,Carlos Carrera,1,2.179428
258,Carl Theodor Dreyer,1,3.225189
257,Carl Rinsch,1,41.796339
252,Callan Brunker,1,18.14218
251,C. Jay Cox,1,5.4249160000000005
250,Byron Howard,1,48.681969
247,Bryan Barber,1,2.711955
246,Bruno Barreto,1,0.557602
245,Bruce Paltrow,1,2.25453
244,Bruce McDonald,1,4.680206
242,Bruce Malmuth,1,7.058868
277,Charles Matthau,1,4.448353
279,Charles S. Dutton,1,2.817364
154,Ben Gluck,1,12.300789
280,Charles Shyer,1,15.219263
315,Christine Jeffs,1,19.336367000000006
314,Christian Volckman,1,9.244181
313,Christian Sesma,1,1.141463
312,Christian Robinson,1,5.422285
311,Christian E. Christiansen,1,11.807269
309,Christian Ditter,1,46.078371
308,Christian Carion,1,13.960945
303,Chris Stokes,1,1.390659
302,Chris Shadley,1,9.68793
299,Chris Renaud,1,31.482872
298,Chris Paine,1,5.323184
296,Chris Nahon,1,16.936576000000002
295,Chris Morris,1,20.544999
291,Chris Gorak,1,23.328823
290,Chris Eyre,1,2.304552
289,Chris D'Arienzo,1,1.975941
287,Chris Carter,1,25.454549
286,Chris Buck,1,165.125366
285,Chatrichalerm Yukol,1,0.843067
283,Charlie Chaplin,1,28.27648
282,Charles T. Kanganis,1,2.645722
241,Bruce MacDonald,1,4.1186120000000015
240,Bruce Hunt,1,10.756266
239,Bruce Campbell,1,7.5591
237,Bronwen Hughes,1,4.63093
188,Bo Welch,1,18.251129
187,Blaž Završnik,1,0.061248
185,Blair Hayes,1,10.131123
184,Blair Erickson,1,7.310878999999999
181,Billy Kent,1,6.759235
177,Bill Plympton,1,0.293649
175,Bill Muir,1,2.952932
174,Bill Melendez,1,8.701183
172,Bibo Bergeron,1,17.375562
170,Bernhard Wicki,1,19.524972
168,Benson Lee,1,8.237336
167,Benny Boom,1,2.747402
166,Benni Diez,1,4.270489
164,Benjamin Dickinson,1,1.50211
163,Benh Zeitlin,1,12.471239
162,Benedikt Erlingsson,1,1.617943
161,Benedek Fliegauf,1,7.453347
160,Ben Younger,1,11.233081
159,Ben Wheatley,1,12.203041
156,Ben Sharpsteen,1,46.007991
155,Ben Lewin,1,9.115486
189,Bo Zenga,1,7.410522999999999
192,Bob Dolman,1,6.015354
194,Bob Giraldi,1,1.096355
217,Brendan Malloy,1,4.12064
236,Britt Allcroft,1,1.916351
235,Brian Yuzna,1,7.502934
231,Brian Percival,1,57.84156
228,Brian Klugman,1,14.988746
227,Brian Herzlinger,1,1.929883
226,Brian Henson,1,15.085981
222,Brian Caunter,1,1.034844
221,Brian A Miller,1,21.638673
219,Brett Piper,1,0.140989
216,Brenda Chapman,1,125.114374
198,Bob Spiers,1,6.889436999999999
214,Brandon Trost,1,0.838957
213,Brandon Cronenberg,1,11.753553
212,Brandon Camp,1,13.472365
211,Bradley Parker,1,20.649145
208,Brad J. Silverman,1,2.160586
204,Boris Rodriguez,1,0.143784
203,Bonnie Hunt,1,5.771479
201,Bobcat Goldthwait,1,9.805551
200,Bobby Roth,1,0.18094
621,Fritz Lang,1,32.351527000000004
622,Frédéric Auburtin,1,6.0366839999999975
623,Fyodor Bondarchuk,1,2.785832
1096,Keith Parmer,1,2.214925
1093,Kay Pollak,1,4.321249
1092,Katt Shea,1,4.781537999999999
1090,Katja von Garnier,1,12.295216
1089,Katie Aselton,1,7.207051
1087,Katherine Dieckmann,1,10.955567
1086,Katherine Brooks,1,7.145832
1085,Kate Barker-Froyland,1,6.3492180000000005
1084,Kat Coiro,1,5.974156
1081,Karim Aïnouz,1,2.611364
1080,Kari Skogland,1,4.481897
1078,Karen Moncrieff,1,3.069605
1076,Kang Woo-Suk,1,2.60632
1075,Kang Je-gyu,1,9.572705
1074,Jérôme Salle,1,14.529496
1073,Jérôme Deschamps,1,1.684948
1072,Justin Zackham,1,18.84332
1071,Justin Tipping,1,3.4679230000000003
1070,Justin Molotnikov,1,0.108135
1068,Justin Kerrigan,1,4.859873
1066,Juraj Jakubisko,1,2.500218
1065,Jun Falkenstein,1,9.829859
1095,Keith Gordon,1,6.335881
1097,Kelly Asbury,1,41.670544
1063,Julien Temple,1,0.165367
1098,Kelly Makin,1,6.786117
1140,Kiyoshi Kurosawa,1,0.212443
1139,Kirsten Sheridan,1,29.533437
1138,Kirk Wong,1,6.425528
1136,Kirk De Micco,1,6.293216999999999
1135,Kinka Usher,1,12.948627
1133,Kimble Rendall,1,9.780588
1130,Kim Farrant,1,5.1456550000000005
1129,Kief Davidson,1,1.631274
1128,Khyentse Norbu,1,0.749699
1127,Khalil Sullins,1,2.414721
1125,Kevin Sullivan,1,8.772574
1117,Kevin King,1,3.418372
1116,Kevin Hooks,1,2.77255
1115,Kevin Hamedani,1,1.563711
1113,Kevin Donovan,1,21.549232
1111,Kevin Carraway,1,1.398981
1109,Kevin Allen,1,10.925618
1108,Kerry Conran,1,24.664776
1107,Kent Alterman,1,10.449975
1104,Kenneth Johnson,1,2.848727
1101,Ken Loach,1,6.787967
1064,Julio DePietro,1,2.631688
1055,Juan Carlos Fresnadillo,1,34.759855
967,John Maybury,1,24.240361
1019,Jonathan Jakubowicz,1,7.444189
1015,Jonathan English,1,12.31708
1013,Jonathan Dayton,1,14.793176999999998
1011,Jonas Elmer,1,13.987772
1010,Jon Wright,1,9.451228
1008,Jon Stewart,1,5.75555
1007,Jon Poll,1,9.779444
1003,Jon Kasdan,1,12.792446
1001,Jon Hess,1,1.279106
1000,Jon Gunn,1,2.470443
998,Jon Erwin,1,10.274542
997,Jon Cassar,1,11.071522
994,Johnnie To,1,8.48639
988,John Sturges,1,35.061467
986,John Stephenson,1,1.799504
985,John Stainton,1,1.7149720000000002
980,John Robert Hoffman,1,3.5603300000000004
979,John Reinhardt,1,0.186401
977,John Putch,1,4.725357
975,John Patrick Shanley,1,20.975165
973,John Ottman,1,8.885017
970,John Michael McDonagh,1,19.411141
1018,Jonathan Hensleigh,1,35.099611
1020,Jonathan Kaplan,1,7.296459
1051,Joshua Oppenheimer,1,8.887411
1021,Jonathan Kesselman,1,1.600797
1050,Joshua Michael Stern,1,5.815881
1049,Joshua Marston,1,3.027892
1048,Joshua Logan,1,7.902536
1046,Josh Schwartz,1,7.487842999999999
1044,Josh Boone,1,74.358971
1,Aaron Schneider,1,6.557643
1042,Joseph Sargent,1,12.777008
1041,Joseph Ruben,1,10.004564
1040,Joseph L. Mankiewicz,1,13.244365
1037,Joseph Green,1,2.407048
1036,Joseph Gordon-Levitt,1,33.296684
1035,Josef Rusnak,1,19.890428
1034,Jorma Taccone,1,14.038512
1033,Jorge Ramírez Suárez,1,1.771584
1032,Jorge R. Gutierrez,1,34.890999
1031,Jorge Gaggero,1,0.038706
1030,Jorge Blanco,1,23.661071
1029,Jonathan Teplitzky,1,13.916583
1028,Jonathan Silverman,1,2.964785
1027,Jonathan Parker,1,0.218736
1026,Jonathan Newman,1,8.842722
1141,Klaus Menzel,1,0.2197989999999999
1142,Kresten Vestbjerg Andersen,1,1.7766240000000002
1143,Kris Isacsson,1,3.269459
1247,Marielle Heller,1,18.224326
1244,Marcus Nispel,1,3.619167
1243,Marcus Dunstan,1,16.361743
1242,Marcos Siega,1,2.083856
1241,Marco Schnabel,1,13.218008
1238,Marc Schölermann,1,9.782433
1235,Marc Forby,1,0.717811
1234,Marc F. Adler,1,4.238482
1233,Marc Abraham,1,3.3502970000000003
1232,Mamoru Hosoda,1,3.7387
1231,Malcolm Goodwin,1,0.970351
1229,Maksim Fadeev,1,2.625594
1228,Majid Majidi,1,7.072118
1227,Maggie Greenwald,1,3.363321
1226,Maggie Carey,1,15.017068
1225,Mabrouk El Mechri,1,15.131867000000002
1224,Mabel Cheung,1,0.753362
1221,László Benedek,1,0.074005
1219,Lynn Shelton,1,12.833247
1217,Lukas Moodysson,1,7.759214999999997
1216,Luis Valdez,1,6.847099000000001
1213,Lucrecia Martel,1,0.6848810000000001
1246,Marianna Palka,1,1.948435
1249,Mark A.Z. Dippé,1,19.833664
1144,Kriv Stenders,1,5.499412
1250,Mark Brown,1,2.27213
1286,Masayuki Ochiai,1,8.864367999999997
1285,Maryam Keshavarz,1,2.34239
1283,Mary Harron,1,45.310443
1282,Martyn Pick,1,3.891186
1281,Martin Weisz,1,17.141376
1277,Martin Lawrence,1,2.088251
1276,Martin Koolhoven,1,5.013575
1273,Martha Coolidge,1,17.943945000000006
1272,Mars Callahan,1,5.90259
1271,Mark Young,1,3.158056
1269,Mark Tonderai,1,25.613197
1268,Mark Tarlov,1,5.696491
1266,Mark Sandrich,1,3.898498000000002
1265,Mark Rydell,1,7.000949
1262,Mark Piznarski,1,3.313257
1259,Mark Neveldine,1,10.475368
1258,Mark Mylod,1,19.220789
1256,Mark Illsley,1,2.079125
1254,Mark Helfrich,1,21.729434
1253,Mark Griffiths,1,1.923514
1251,Mark Christopher,1,11.880899
1212,Lucky McKee,1,8.650779
1211,Lucio Fulci,1,8.022122
1210,Lucile Hadzihalilovic,1,3.300061
1209,Luca Guadagnino,1,5.355763
1176,Leonard Farlinger,1,0.137535
1175,Leon Ichaso,1,2.580808
1174,Leon Ford,1,1.35088
1173,Lenny Abrahamson,1,66.11334000000001
1172,Lena Dunham,1,2.380332
1170,Leigh Whannell,1,45.946524
1169,Lee Unkrich,1,59.99541800000001
1164,Lawrence Kasanoff,1,5.258726
1162,Laurie Collyer,1,4.261508999999998
1161,Laurent Tirard,1,20.362025
1160,Laurent Cantet,1,13.437038
1159,Laurent Bouhnik,1,20.422246
1158,Laurence Dunmore,1,7.588597
1157,Lauren Lazin,1,1.314576
1152,Larry Blamire,1,1.680525
1151,Lance Rivera,1,0.8305959999999999
1150,Lance Mungia,1,1.892183
1149,Lance Hool,1,0.910529
1148,Kyle Rankin,1,5.20209
1147,Kyle Balda,1,198.372395
1145,Kurt Hale,1,0.920591
1178,Leos Carax,1,9.140936
1180,Leslie H. Martinson,1,9.815394
1181,Leslie Small,1,9.799357
1195,Liz Friedlander,1,8.999675
1208,Luc Jacquet,1,17.537154
1206,Lu Chuan,1,4.793348
1205,Lowell Sherman,1,0.6227520000000001
1204,Louis Morneau,1,1.537859
1202,Lori Silverbush,1,0.4932229999999999
1201,Lori Petty,1,2.948576
1200,Lorene Scafaria,1,30.863082
1198,Lluís Quílez,1,3.215465
1196,Lloyd Bacon,1,1.933366
1194,Liv Ullmann,1,5.0330650000000015
1182,Leslye Headland,1,20.95282000000001
1193,Liu Chia-Liang,1,15.046612
1192,Lisanne Pajot,1,7.6766770000000015
1191,Lisa Cholodenko,1,15.338211
1190,Lisa Azuelos,1,31.763201
1189,Lionel C. Martin,1,1.20245
1188,Linda Mendoza,1,1.118511
1186,Liliana Cavani,1,2.981047
1185,Lexi Alexander,1,17.112498000000002
1183,Levan Gabriadze,1,41.972329
968,John McNaughton,1,25.041992
965,John Maclean,1,14.936661
624,G.W. Pabst,1,1.824184
745,Huck Botko,1,3.125382
742,Howard Hawks,1,5.3448150000000005
740,Hou Hsiao-hsien,1,8.142166
739,Hitoshi Matsumoto,1,3.21392
738,Hironobu Sakaguchi,1,26.074908
737,Hideo Nakata,1,32.233713
736,Hideaki Anno,1,9.476999
735,Herbert Ross,1,25.03414
733,Henry Koster,1,4.028875
732,Henry King,1,0.4839739999999999
730,Henry Jaglom,1,0.605645
729,Henry Hobson,1,40.016306
728,Henry Hathaway,1,9.903992
727,Henry Bean,1,9.856826
726,Henry Alex Rubin,1,1.085909
725,Heidi Ewing,1,1.781462
723,Hart Bochner,1,8.738737
722,Harry Beaumont,1,0.968865
720,Harold Cronk,1,6.96858
718,Harmony Korine,1,62.554173
717,Harley Cokeliss,1,1.610132
715,Harald Reinl,1,1.296784
744,Hoyt Yeatman,1,26.710398
747,Hugh Johnson,1,3.2769120000000003
713,Hans Canosa,1,4.442355
749,Hunter Richards,1,5.350423
783,Jake Paltrow,1,12.185204
781,Jake Goldberger,1,1.4964540000000002
780,Jafar Panahi,1,1.193779
778,Jacob Aaron Estes,1,8.519202
777,Jackie Earle Haley,1,6.665164
776,Jackie Chan,1,4.065212
774,Jack Sholder,1,21.607228
773,Jack Heller,1,3.637857
772,Jack Conway,1,1.867004
771,J.S. Cardone,1,2.739307
766,J Blakeson,1,57.889964
764,Ivan Kavanagh,1,0.332679
763,Ivan Engler,1,10.142218
762,István Szabó,1,1.946634
760,Isaac Florentine,1,5.485217
756,Inna Evlannikova,1,5.753564
755,Ingmar Bergman,1,11.347855
754,Ice Cube,1,5.7698220000000005
753,Ian Sharp,1,2.074295
752,Ian Iqbal Rashid,1,1.782666
751,Ian Fitzgibbon,1,3.810943
714,Hans Petter Moland,1,1.068819
712,Hank Braxtan,1,0.687656
960,John Laing,1,3.068463
670,Gerry Lively,1,4.901936
668,Gerald Potterton,1,12.928269
667,Georgia Hilton,1,0.397323
665,George T. Miller,1,3.656491
664,George Stevens,1,3.011205
661,George Ratliff,1,3.653305000000002
659,George Nolfi,1,26.60772
654,George Cukor,1,20.786616
649,Geoff Murphy,1,13.080725
647,Gene Quintano,1,12.963328
646,Gavin Wiesen,1,12.690224
640,Gary Shore,1,64.45794699999999
639,Gary Sherman,1,11.225044
637,Gary Nelson,1,8.265317
636,Gary McKendry,1,29.50148900000001
635,Gary Halvorson,1,3.09159
632,Gary David Goldberg,1,11.120167
631,Gary Chapman,1,14.051851999999998
630,Garth Jennings,1,51.742065
628,Gareth Evans,1,40.285095
627,Gareth Edwards,1,26.406001
625,Gabe Ibáñez,1,49.808505
669,Gerard Johnstone,1,10.322858
671,Gia Coppola,1,16.570708
711,Hal Needham,1,1.110179
672,Gideon Raff,1,3.280081
710,Hal Haberman,1,1.260314
709,Gérard Krawczyk,1,18.209570000000006
708,Gábor Csupó,1,40.646102
706,Guy Maddin,1,0.552361
701,Guillaume Ivernel,1,8.884405000000003
698,Gregory Widen,1,11.818333
697,Gregory Poirier,1,7.063053
696,Gregory Nava,1,6.92592
695,Gregory Jacobs,1,29.660993
691,Greg Marcks,1,15.048067
690,Greg Harrison,1,5.742359
689,Greg Coolidge,1,9.559737
688,Grant Heslov,1,20.69219
686,Gordon Chan,1,14.653718
685,Goran Dukic,1,8.542921
684,Gonzalo López-Gallego,1,17.028252
683,Gnana Rajasekaran,1,0.416179
680,Giuseppe Tornatore,1,30.058263
679,Giuliano Montaldo,1,0.700127
677,Gillian Robespierre,1,10.12895
675,Gilles Paquet-Brenner,1,10.072199
785,Jake Scott,1,6.085879
786,Jamel Debbouze,1,5.794466000000001
787,James Algar,1,14.530945999999998
910,Joe Charbanic,1,7.339908
907,Joe Berlinger,1,3.890223
906,Jody Hill,1,10.529143
904,Joby Harold,1,18.172736
903,Joan Chen,1,8.680334
902,Joachim Rønning,1,20.27704
900,Jim Sonzero,1,9.662715
898,Jim Mickle,1,12.496261
897,Jim Jarmusch,1,18.223139
896,Jim Issa,1,0.304566
895,Jim Hanon,1,1.83428
894,Jim Goddard,1,0.138564
892,Jim Field Smith,1,16.176976
891,Jim Fall,1,11.927667
890,Jill Culton,1,26.61951
889,Jez Butterworth,1,5.831302
888,Jeta Amata,1,1.589693
887,Jessy Terrero,1,9.400404
885,Jessica Bendinger,1,9.750557
884,Jesse Vaughan,1,2.244947
880,Jerry Zaks,1,6.130231
879,Jerry Rees,1,6.86302
909,Joe Chappelle,1,9.483717
911,Joe Cornish,1,30.952377
788,James Bidgood,1,0.027811
915,Joe Pytka,1,36.125715
959,John Lafia,1,16.681567
954,John H. Lee,1,6.116436
953,John Gulager,1,8.825113
952,John Guillermin,1,4.020194
951,John Gray,1,6.250282
949,John Gatins,1,6.048743
946,John Francis Daley,1,47.753598
945,John Fortenberry,1,12.709227
942,John Duigan,1,2.636193
939,John Crowley,1,39.337949
938,John Cromwell,1,4.021389
937,John Cornell,1,15.474831
934,John Carl Buechler,1,9.070842
931,John Bonito,1,7.679336
930,John Badham,1,23.161754
928,John 'Bud' Cardos,1,2.537032
927,Johanna Schwartz,1,0.071349
926,Joey Lauren Adams,1,3.427061
922,Joel Gallen,1,23.423082
921,Joel Edgerton,1,27.247013
919,Joel Anderson,1,4.653047
877,Jerry Dugan,1,1.187764
876,Jerome Elston Scott,1,0.006323
875,Jeremy Sims,1,3.949796
873,Jeremy Leven,1,8.870614
830,Jason Bateman,1,14.105392000000002
829,Jason Alexander,1,0.431332
827,Janusz Kamiński,1,3.312385
824,Jan Pinkava,1,65.677399
823,Jamin Winans,1,5.217002
822,Jamie Travis,1,14.238376
821,Jamie Thraves,1,4.75919
817,James Whale,1,8.484123
813,James Schamus,1,5.625989
812,James Ponsoldt,1,25.722747
811,James Nunn,1,5.0005
810,James Mottern,1,1.20173
809,James Melkonian,1,1.7354619999999998
805,James Manera,1,1.731035
802,James Isaac,1,11.220643
799,James Gartner,1,8.305085
798,James Frawley,1,10.639916
796,James Fargo,1,0.633004
795,James Dodson,1,3.393648
793,James D. Stern,1,1.830306
790,James Bridges,1,2.753501
831,Jason Connery,1,5.099472
832,Jason Eisener,1,16.900433
834,Jason Miller,1,0.394575
859,Jeb Stuart,1,4.131546
871,Jennifer Flackett,1,14.353279
870,Jehane Noujaim,1,4.892203
869,Jeffrey St. Jules,1,0.973323
866,Jeff Schaffer,1,25.848003
864,Jeff Nathanson,1,6.7698
863,Jeff Lowell,1,12.067921
862,Jeff Kanew,1,3.455018
861,Jeff Crook,1,0.361554
860,Jeff Burr,1,1.220072
856,Jean-Paul Rappeneau,1,2.877488
835,Jason Moore,1,32.746486
853,Jean-Marc Barr,1,4.665026
851,Jean-Jacques Mantello,1,0.041651
849,Jean-François Richet,1,18.706504
846,Jay Oliva,1,25.891466
845,Jay Levey,1,4.070044
842,Jay Alaimo,1,1.906151
839,Jason Zada,1,19.86598900000001
838,Jason Trost,1,3.5459910000000003
837,Jason Stone,1,5.759493
2086,Étienne Faure,1,0.583446
