,title,release_date,popularity,ROI,rating,orginal_title,renew,reboot
0,A Haunted House,2013.0,18.661541,2305.66732,5.941293264011838,A Haunted House,,0.0
1,A Haunted House,2014.0,18.428909,193.9473209883586,6.007210065503251,A Haunted House 2,,0.0
2,A Nightmare on Elm Street,1984.0,38.204158,1316.9173888888888,6.732585314548223,A Nightmare on Elm Street,,0.0
3,A Nightmare on Elm Street,1985.0,21.607228,899.9737666666666,6.07750903716693,A Nightmare on Elm Street Part 2: Freddy's Revenge,,0.0
5,A Nightmare on Elm Street,1987.0,17.304054999999998,795.86444,6.281100606440553,A Nightmare on Elm Street 3: Dream Warriors,,0.0
7,A Nightmare on Elm Street,1988.0,17.113408,935.7142857142858,6.121311233240074,A Nightmare on Elm Street 4: The Dream Master,,0.0
9,A Nightmare on Elm Street,1989.0,12.654051,177.1044875,6.073486680650609,A Nightmare on Elm Street 5: The Dream Child,,0.0
10,Ace Ventura,1994.0,41.249004,614.7826399999999,6.3250056528697325,Ace Ventura: Pet Detective,,0.0
11,Ace Ventura,1995.0,34.391791999999995,607.9517766666667,6.152426827102158,Ace Ventura: When Nature Calls,,0.0
12,Agent Cody Banks,2003.0,11.859396,109.98505,5.950273801681062,Agent Cody Banks,,0.0
13,Agent Cody Banks,2004.0,10.925618,10.84228846153846,6.085816793502963,Agent Cody Banks 2: Destination London,,0.0
14,Alien,1979.0,94.184658,853.9254636363637,7.578019067290315,Alien,,0.0
15,Alien,1986.0,67.66094,890.8997567567567,7.332942681836659,Aliens,,0.0
16,Alien,1992.0,45.856409,219.54709000000003,6.202856970347573,Alien³,,1.0
17,Alien,1997.0,37.44963,131.42857142857142,6.033608799769167,Alien: Resurrection,,1.0
19,Alien,2004.0,42.957216,144.54837571428573,5.827598258245495,AVP: Alien vs. Predator,,1.0
21,Alien,2007.0,39.381913,4.492665,5.666852095777954,Aliens vs Predator: Requiem,,1.0
22,Alvin and the Chipmunks,2007.0,47.33603400000001,502.27772166666665,5.833482376040655,Alvin and the Chipmunks,,0.0
23,Alvin and the Chipmunks,2009.0,29.412262,490.85333999999995,5.893977419255559,Alvin and the Chipmunks: The Squeakquel,,0.0
25,Alvin and the Chipmunks,2011.0,23.473004,356.9272466666667,5.952584909675709,Alvin and the Chipmunks: Chipwrecked,,0.0
27,Alvin and the Chipmunks,2015.0,27.867368,297.21173843876846,6.089354026686427,Alvin and the Chipmunks: The Road Chip,,0.0
28,American Pie,1999.0,60.76716800000001,2040.754581818182,6.339529363850131,American Pie,,0.0
29,American Pie,2001.0,36.432598,858.5119833333333,6.090921157661878,American Pie 2,,0.0
30,Anchorman,2004.0,29.342744,248.36226153846152,6.496565179489791,Anchorman: The Legend of Ron Burgundy,,0.0
31,Anchorman,2013.0,38.125008,247.29803,6.1103219723479665,Anchorman 2: The Legend Continues,,0.0
32,Austin Powers,1997.0,36.15716,310.2059939393939,6.35102532789265,Austin Powers: International Man of Mystery,,0.0
33,Austin Powers,1999.0,18.316151,842.2426848484848,6.203719190413652,Austin Powers: The Spy Who Shagged Me,,0.0
35,Austin Powers,2002.0,40.137264,370.8816365079365,6.05902673801998,Austin Powers in Goldmember,,0.0
36,Avengers,2012.0,144.448633,479.19045863636364,7.287672908013502,The Avengers,,0.0
37,Avengers,2015.0,134.27922900000002,409.68760360000005,7.153225694184794,Avengers: Age of Ultron,,0.0
38,Babe,1995.0,34.36645,747.1163666666666,6.122078099519091,Babe,,0.0
39,Babe,1998.0,11.356079,-23.186822222222222,5.9805647612122055,Babe: Pig in the City,,0.0
40,Back to the Future,1985.0,76.60323299999997,1905.840852631579,7.735960899346688,Back to the Future,,0.0
41,Back to the Future,1989.0,43.345252,730.0,7.143321428867091,Back to the Future Part II,,0.0
43,Back to the Future,1990.0,45.769562,511.3189575,6.862700063656339,Back to the Future Part III,,0.0
44,Bad Boys,1995.0,33.872182,644.2474947368421,6.388201255526569,Bad Boys,,0.0
45,Bad Boys,2003.0,38.068736,110.26119692307692,6.262764059465392,Bad Boys II,,0.0
46,Barbershop,2002.0,10.297189,531.5136833333333,6.206457667601127,Barbershop,,0.0
47,Barbershop,2004.0,6.5018150000000015,261.50228888888887,6.167317839361688,Barbershop 2:  Back in Business,,0.0
48,Batman,1989.0,44.104469,1075.28264,6.735430785582498,Batman,,0.0
49,Batman,1992.0,59.113174,250.0,6.448573357121754,Batman Returns,,0.0
51,Batman,1995.0,48.205606,236.529144,5.615096252528469,Batman Forever,,0.0
53,Batman,1997.0,50.073575,90.5656976,5.053997265576393,Batman & Robin,,0.0
55,Batman,2005.0,115.040024,149.47911533333334,7.338585474068562,Batman Begins,,0.0
56,Batman,2013.0,25.891466,157.61336948399278,6.690105685120857,"Batman: The Dark Knight Returns, Part 2",,4.0
57,Batman,2016.0,155.790452,249.3040776,5.766136733479332,Batman v Superman: Dawn of Justice,,4.0
58,Beastmaster,1982.0,6.377523,-32.90805948082622,6.189769181728455,The Beastmaster,,0.0
59,Beastmaster,1991.0,1.478505,-85.51125,6.181691894510345,Beastmaster 2: Through the Portal of Time,,0.0
60,Beverly Hills Cop,1984.0,29.843818,2009.0698533333334,6.490534684954022,Beverly Hills Cop,,0.0
61,Beverly Hills Cop,1987.0,25.28436,1399.82518,6.1677481968987,Beverly Hills Cop II,,0.0
63,Beverly Hills Cop,1994.0,20.333953,138.417978,6.000448282643219,Beverly Hills Cop III,,0.0
64,Big Momma's House,2000.0,24.389194,479.8647933333333,6.009810572906515,Big Momma's House,,0.0
65,Big Momma's House,2006.0,17.612920000000006,245.64765500000001,5.996527270543657,Big Momma's House 2,,0.0
66,Blade,1998.0,43.815492,191.51895555555555,6.395995008948406,Blade,,0.0
67,Blade,2002.0,67.16958699999999,187.05561481481482,6.202973332599898,Blade II,,0.0
69,Blade,2004.0,49.660055,98.31594769230769,5.931392376821259,Blade: Trinity,,0.0
70,Bridget Jones,2001.0,35.310712,1027.71918,6.372263196775784,Bridget Jones's Diary,,0.0
71,Bridget Jones,2004.0,28.803802,-19.59396,6.162591806356966,Bridget Jones: The Edge of Reason,,0.0
72,Captain America,2011.0,74.50624599999998,164.69269571428572,6.549075614603252,Captain America: The First Avenger,,0.0
73,Captain America,2014.0,72.22526500000002,320.45092470588236,7.385392611012993,Captain America: The Winter Soldier,,0.0
75,Captain America,2016.0,198.372395,361.321798,6.98694551338108,Captain America: Civil War,,0.0
76,Cars,2006.0,82.643036,284.9859575,6.516311193716772,Cars,,0.0
77,Cars,2011.0,49.98659,179.926198,5.93871724016949,Cars 2,,0.0
78,Charlie's Angels,2000.0,40.20395,187.0712445652174,5.879432625522584,Charlie's Angels,,0.0
79,Charlie's Angels,2003.0,33.616115,115.97982333333334,5.738526095439174,Charlie's Angels: Full Throttle,,0.0
80,Cheaper by the Dozen,2003.0,26.516624,375.5302825,6.124451258686414,Cheaper by the Dozen,,0.0
81,Cheaper by the Dozen,2005.0,18.831023,115.30305000000001,6.037985565636129,Cheaper by the Dozen 2,,0.0
82,Child's Play,1988.0,27.600843,391.0742666666667,6.240322042576663,Child's Play,,0.0
83,Child's Play,1990.0,16.681567,175.10465384615387,6.114922865568879,Child's Play 2,,0.0
84,Clerks,1994.0,19.748658,11570.851851851852,6.706185734871212,Clerks,,0.0
85,Clerks,2006.0,18.077963,437.76752,6.397696996852582,Clerks II,,0.0
86,Cloudy with a Chance of Meatballs,2009.0,46.781182,142.988466,6.390119861080635,Cloudy with a Chance of Meatballs,,0.0
87,Cloudy with a Chance of Meatballs,2013.0,41.247402,218.44182179487183,6.297030662311724,Cloudy with a Chance of Meatballs 2,,0.0
88,Crank,2006.0,47.992817,257.758675,6.412660268715374,Crank,,0.0
89,Crank,2009.0,35.54280900000001,72.80288499999999,6.068846285422574,Crank: High Voltage,,0.0
90,Creepshow,1982.0,13.661289000000002,162.8594375,6.294565244077225,Creepshow,,0.0
91,Creepshow,1987.0,10.729884,300.0,6.1736770580513465,Creepshow 2,,0.0
92,Crocodile Dundee,1986.0,16.072466,6464.070119999999,6.237324695069246,Crocodile Dundee,,0.0
93,Crocodile Dundee,1988.0,15.474831,300.28876415841125,6.048902624865142,Crocodile Dundee II,,0.0
95,Crocodile Dundee,2001.0,6.081772,86.4712718676123,6.0232987052195135,Crocodile Dundee in Los Angeles,,0.0
96,Despicable Me,2010.0,113.858273,687.7014275362319,6.97548688249768,Despicable Me,,0.0
97,Despicable Me,2013.0,136.886704,1177.318269736842,6.853642562237126,Despicable Me 2,,0.0
98,Deuce Bigalow,1999.0,9.832326,285.50039411764703,6.046881628455477,Deuce Bigalow: Male Gigolo,,0.0
99,Deuce Bigalow,2005.0,10.259461,1.818881818181818,5.941306079562774,Deuce Bigalow: European Gigolo,,0.0
100,Diary of a Wimpy Kid,2010.0,21.095489,404.66998666666666,6.129654983233123,Diary of a Wimpy Kid,,0.0
101,Diary of a Wimpy Kid,2011.0,14.329891,244.84473333333332,6.224429543045449,Diary of a Wimpy Kid: Rodrick Rules,,0.0
103,Diary of a Wimpy Kid,2012.0,13.410919,250.5098909090909,6.170986057692489,Diary of a Wimpy Kid: Dog Days,,0.0
104,Die Hard,1988.0,66.169628,402.7427,7.2284244200565295,Die Hard,,0.0
105,Die Hard,1990.0,57.69846999999999,242.90156285714284,6.460035726898349,Die Hard 2,,0.0
107,Die Hard,1995.0,51.88107700000001,306.77962888888885,6.666580632683742,Die Hard: With a Vengeance,,0.0
109,Die Hard,2007.0,48.93337,248.6649672727273,6.335541653852355,Live Free or Die Hard,,0.0
111,Die Hard,2013.0,65.40259499999999,231.14585,5.432812073837231,A Good Day to Die Hard,,0.0
112,Dolphin Tale,2011.0,6.638389999999999,157.84972162162163,6.273508039111738,Dolphin Tale,,0.0
113,Dolphin Tale,2014.0,6.967857,45.62370277777778,6.248573517838166,Dolphin Tale 2,,0.0
114,Evil Dead,1981.0,35.037625,8300.0,6.709807228108302,The Evil Dead,,0.0
115,Evil Dead,1987.0,35.674774,64.529,6.783964984063916,Evil Dead II,,0.0
116,Exorcist,1973.0,47.584643,5416.3268125,7.055700573303612,The Exorcist,,0.0
117,Exorcist,1977.0,11.543363,119.63672857142858,6.015355242132323,Exorcist II: The Heretic,,0.0
118,Final Destination,2000.0,38.799596,131.74919130434785,6.316666083790172,Final Destination,,0.0
119,Final Destination,2003.0,37.355826,247.79386538461537,6.055651351395339,Final Destination 2,,0.0
121,Final Destination,2006.0,31.64341,370.87663200000003,6.011297060989396,Final Destination 3,,0.0
123,Final Destination,2009.0,32.478077,365.4178475,5.850646066689281,The Final Destination,,0.0
124,Friday the,1981.0,16.517777,1637.8220800000001,6.159461722668526,Friday the 13th Part 2,,0.0
125,Friday the,1982.0,14.206525,817.251675,6.108485622271885,Friday the 13th Part III,,0.0
127,Friday the,1984.0,14.013414,1168.4953846153846,6.150711151082003,Friday the 13th: The Final Chapter,,0.0
129,Friday the,1985.0,12.639469,896.8371818181819,6.033118179327879,Friday the 13th: A New Beginning,,0.0
131,Friday the,1986.0,11.158167,549.0685666666667,6.120746644109429,Friday the 13th Part VI: Jason Lives,,0.0
132,Friday the,1988.0,9.070842,584.6428928571428,6.067041265251641,Friday the 13th Part VII: The New Blood,,4.0
133,Friday the,1989.0,12.904615,180.0,5.990705279164011,Friday the 13th Part VIII: Jason Takes Manhattan,,4.0
134,Fur,2001.0,6.909942,445.48401315789476,6.50791988643201,The Fast and the Furious,,0.0
135,Fur,2003.0,10.520961,210.98771184210526,6.202490335101539,2 Fast 2 Furious,,0.0
137,Fur,2006.0,8.282876,86.43328470588236,6.140894828109814,The Fast and the Furious: Tokyo Drift,,0.0
138,G.I. Joe,2009.0,32.852443,72.83943828571428,5.811708250810936,G.I. Joe: The Rise of Cobra,,0.0
139,G.I. Joe,2013.0,59.325589,186.05867538461538,5.608016012623937,G.I. Joe: Retaliation,,0.0
140,Garfield,2004.0,17.667826,301.609068,5.765596391145742,Garfield,,0.0
141,Garfield,2006.0,16.930969,229.77050805778788,5.867942702405903,Garfield: A Tail of Two Kitties,,0.0
142,Ghost Rider,2007.0,46.834704,107.94399363636364,5.582934558813374,Ghost Rider,,0.0
143,Ghost Rider,2011.0,48.622278,161.78483333333332,5.424331922856997,Ghost Rider: Spirit of Vengeance,,0.0
144,Girl,2002.0,9.799177,110.70155,6.19152335616778,The Good Girl,,0.0
145,Girl,2003.0,3.65924,193.94717952881302,6.198764121706053,All the Real Girls,,0.0
146,Girl,2003.0,19.944479,31.361190698986306,6.258209706687133,Girl with a Pearl Earring,,1.0
147,Girl,2003.0,7.057765,193.9473307553153,6.101597497491211,What a Girl Wants,,1.0
148,Gremlins,1984.0,45.072136,1291.6645636363637,6.6251191426464615,Gremlins,,0.0
149,Gremlins,1990.0,33.98637,-17.035586,6.204503672997966,Gremlins 2: The New Batch,,0.0
150,Grown Ups,2010.0,38.864027,239.28773625000002,6.079007350795839,Grown Ups,,0.0
151,Grown Ups,2013.0,45.589568,208.73034750000002,5.993952494985278,Grown Ups 2,,0.0
152,Halloween,1988.0,9.302349,255.37514,6.156286935220443,Halloween 4: The Return of Michael Myers,,0.0
153,Halloween,1989.0,8.008844,132.84508,6.057798257455423,Halloween 5: The Revenge of Michael Myers,,0.0
155,Halloween,1995.0,9.483717,202.33268,6.039069878231588,Halloween: The Curse of Michael Myers,,0.0
156,Hellboy,2004.0,47.479755,50.48331363636363,6.406157328684744,Hellboy,,0.0
157,Hellboy,2008.0,58.57976,88.69183882352941,6.38073932923653,Hellboy II: The Golden Army,,0.0
158,High School Musical,2006.0,16.536374,164.29308274447095,6.154958659240263,High School Musical,,0.0
159,High School Musical,2007.0,21.01755,-64.52803702617784,6.1595167730811085,High School Musical 2,,0.0
161,High School Musical,2008.0,21.801188,193.94753354433993,6.2040968741007685,High School Musical 3: Senior Year,,0.0
162,Highlander,1986.0,29.253833,-63.125,6.428234917229712,Highlander,,0.0
163,Highlander,1994.0,7.964450999999999,41.53846153846154,6.045401078829774,Highlander: The Final Dimension,,0.0
165,Highlander,2000.0,11.782725,-36.625567999999994,6.044423961388682,Highlander: Endgame,,0.0
166,Home Alone,1990.0,2.186927,2548.2481944444444,6.829406827783641,Home Alone,,0.0
167,Home Alone,1992.0,81.487685,1894.3982277777777,6.271746081695947,Home Alone 2: Lost in New York,,0.0
168,Horrible Bosses,2011.0,50.309843,234.2857142857143,6.407624061148944,Horrible Bosses,,0.0
169,Horrible Bosses,2014.0,82.185281,156.35799285714285,6.143567382615057,Horrible Bosses 2,,0.0
170,Hostel,2005.0,38.83192,1578.7277916666667,5.974994967187682,Hostel,,0.0
171,Hostel,2007.0,20.745052,249.21099019607846,6.0242616443396795,Hostel: Part II,,0.0
172,Hot Tub Time Machine,2010.0,33.926473,79.36739444444444,6.111967721935462,Hot Tub Time Machine,,0.0
173,Hot Tub Time Machine,2015.0,16.618873999999998,-12.038207142857143,5.9028954782354255,Hot Tub Time Machine 2,,0.0
174,Hotel Transylvania,2012.0,56.257411,321.61835647058825,6.627894151394507,Hotel Transylvania,,0.0
175,Hotel Transylvania,2015.0,61.692197,491.53369749999996,6.496884668803508,Hotel Transylvania 2,,0.0
176,How to Train Your Dragon,2010.0,67.263269,199.9265206060606,7.242782878802831,How to Train Your Dragon,,0.0
177,How to Train Your Dragon,2014.0,100.21391,320.08486068965516,7.248138895919764,How to Train Your Dragon 2,,0.0
178,Ice Age,2002.0,99.561972,549.5883661016949,6.908980079772272,Ice Age,,0.0
179,Ice Age,2006.0,85.11505799999998,726.175975,6.423185516481515,Ice Age: The Meltdown,,0.0
181,Ice Age,2009.0,69.457898,885.2075744444445,6.407457166950478,Ice Age: Dawn of the Dinosaurs,,0.0
183,Ice Age,2012.0,65.22986800000001,823.4155599999999,6.2020594442349655,Ice Age: Continental Drift,,0.0
184,Insidious,2010.0,58.594852,6367.276666666667,6.576700843718169,Insidious,,0.0
185,Insidious,2013.0,48.375848,169.63534239500652,6.364071318638893,Insidious: Chapter 2,,0.0
187,Insidious,2015.0,45.946524,943.0385100000001,6.20377041389205,Insidious: Chapter 3,,0.0
188,Iron Man,2008.0,120.725053,317.98158714285717,7.272548875579335,Iron Man,,0.0
189,Iron Man,2010.0,77.30019399999998,211.9666655,6.547799120324413,Iron Man 2,,0.0
191,Iron Man,2013.0,77.68208,507.719997,6.736857269829803,Iron Man 3,,0.0
192,Jackass,2002.0,14.752587,1185.64624,6.180763621105762,Jackass: The Movie,,0.0
193,Jackass,2006.0,11.227087,561.6246545454546,6.249900038162121,Jackass Number Two,,0.0
195,Jackass,2010.0,20.99174,486.12135500000005,6.26310233521146,Jackass 3D,,0.0
196,Jaws,1975.0,50.152327,6623.628571428571,7.122122842829214,Jaws,,0.0
197,Jaws,1978.0,19.636044,839.420035,6.121610749617128,Jaws 2,,0.0
199,Jaws,1987.0,12.777008,125.56962173913044,5.731291406155838,Jaws: The Revenge,,0.0
200,Jeepers Creepers,2001.0,23.316208,492.17788999999993,6.163652684430812,Jeepers Creepers,,0.0
201,Jeepers Creepers,2003.0,19.045146,271.1921529411765,6.050530208630494,Jeepers Creepers 2,,0.0
202,Jurassic Park,1993.0,40.413191,1360.4761904761904,7.352398450972323,Jurassic Park,,0.0
203,Jurassic Park,1997.0,2.502487,213.80071780821916,6.202167161844088,The Lost World: Jurassic Park,,0.0
205,Jurassic Park,2001.0,1.859364,296.53850430107525,5.870343860390962,Jurassic Park III,,0.0
206,Kevin Hart,2011.0,5.498834,193.947185332459,6.266024932701316,Kevin Hart: Laugh at My Pain,,0.0
207,Kevin Hart,2013.0,9.799357,33.81475581402865,6.2813670318275445,Kevin Hart: Let Me Explain,,0.0
208,Kick-Ass,2010.0,45.054936,243.53179642857143,6.935410930894212,Kick-Ass,,0.0
209,Kick-Ass,2013.0,40.28635,116.78571428571429,6.270270388345308,Kick-Ass 2,,0.0
210,Kill Bill,2003.0,79.75496600000002,503.16333333333336,7.438733997573353,Kill Bill: Vol. 1,,0.0
211,Kill Bill,2004.0,50.622607,407.19820333333337,7.307416016695185,Kill Bill: Vol. 2,,0.0
212,Kung Fu Panda,2008.0,84.68964799999998,385.95735384615386,6.726618653502393,Kung Fu Panda,,0.0
213,Kung Fu Panda,2011.0,51.247321,343.794854,6.523435239400184,Kung Fu Panda 2,,0.0
215,Kung Fu Panda,2016.0,56.747978,259.4281551724138,6.505000094776682,Kung Fu Panda 3,,0.0
216,Lara Croft,2001.0,41.498631,138.8724695652174,5.864301434744768,Lara Croft: Tomb Raider,,0.0
217,Lara Croft,2003.0,56.81105600000001,64.74251368421052,5.800917849044788,Lara Croft Tomb Raider: The Cradle of Life,,0.0
218,Legally Blonde,2001.0,25.43954,687.6371055555555,6.158315347537545,Legally Blonde,,0.0
219,Legally Blonde,2003.0,4.340616000000002,177.5885377777778,5.914761914115303,"Legally Blonde 2: Red, White & Blonde",,0.0
220,Lethal Weapon,1992.0,36.172182,819.2329342857142,6.291276330705287,Lethal Weapon 3,,0.0
221,Lethal Weapon,1998.0,24.855701,103.88900214285715,6.246431068487913,Lethal Weapon 4,,0.0
222,Mad Max,1979.0,33.142185,24900.0,6.417792864093035,Mad Max,,0.0
223,Mad Max,1981.0,37.117362,1130.0416,6.728333458616112,Mad Max 2: The Road Warrior,,0.0
225,Mad Max,1985.0,36.582038,194.42242316722337,6.079457870657696,Mad Max Beyond Thunderdome,,0.0
227,Mad Max,2015.0,198.372395,152.57222666666667,7.100512098066482,Mad Max: Fury Road,,0.0
228,Madagascar,2005.0,48.110909,610.2408946666667,6.5038174134458915,Madagascar,,0.0
229,Madagascar,2008.0,44.141021,302.600236,6.202680157847041,Madagascar: Escape 2 Africa,,0.0
231,Madagascar,2012.0,44.989192,415.11812,6.329204076781853,Madagascar 3: Europe's Most Wanted,,0.0
232,Maze Runner,2014.0,131.815575,924.4701794117648,6.870373034020018,The Maze Runner,,0.0
233,Maze Runner,2015.0,113.161483,410.2572557377049,6.350529401330694,Maze Runner: The Scorch Trials,,0.0
234,Men in Black,1997.0,104.121555,554.8783766666667,6.76683728514144,Men in Black,,0.0
235,Men in Black,2002.0,91.332849,215.58485928571426,6.052273115139899,Men in Black II,,0.0
237,Men in Black,2012.0,52.035179,177.34523377777776,6.201471257474575,Men in Black 3,,0.0
238,Miss Congeniality,2000.0,32.624355,371.11111111111114,6.156024491020656,Miss Congeniality,,0.0
239,Miss Congeniality,2005.0,19.998581,193.94735638309194,5.945874746740703,Miss Congeniality 2: Armed and Fabulous,,0.0
240,Mission,1996.0,75.290998,472.12044875,6.559458096018076,Mission: Impossible,,0.0
241,Mission,2000.0,54.931334,337.110484,6.00834964789877,Mission: Impossible II,,0.0
242,Mission,2006.0,63.079003,165.23334133333333,6.400151153814989,Mission: Impossible III,,1.0
243,Mission,2011.0,77.77476999999998,379.11267586206895,6.676078305743237,Mission: Impossible - Ghost Protocol,,1.0
245,Mission,2015.0,114.52223700000002,354.8867593333333,6.880689108900921,Mission: Impossible - Rogue Nation,,1.0
246,Mortal Kombat,1995.0,16.470895000000002,578.8662222222223,5.968140248956125,Mortal Kombat,,0.0
247,Mortal Kombat,1997.0,11.916389,71.25620333333333,5.788721676980754,Mortal Kombat: Annihilation,,0.0
248,My Big Fat Greek Wedding,2002.0,18.115566,7274.880880000001,6.204453952029366,My Big Fat Greek Wedding,,0.0
249,My Big Fat Greek Wedding,2016.0,16.027955,394.01806111111114,6.041301203675319,My Big Fat Greek Wedding 2,,0.0
250,Neighbors,2014.0,36.471231,1389.7633333333333,6.20203700543251,Neighbors,,0.0
251,Neighbors,2016.0,50.179171,210.73863142857144,5.853847631943685,Neighbors 2: Sorority Rising,,0.0
252,Night at the Museum,2006.0,48.780039,422.25531,6.275118929305352,Night at the Museum,,0.0
253,Night at the Museum,2009.0,81.781591,175.40411333333333,6.006807431791638,Night at the Museum: Battle of the Smithsonian,,0.0
255,Night at the Museum,2014.0,115.597753,175.13722992125983,6.138836694740619,Night at the Museum: Secret of the Tomb,,0.0
256,Now You See Me,2013.0,71.124686,56.93185866666667,7.124486041218073,Now You See Me,,0.0
257,Now You See Me,2016.0,51.535701,272.11259666666666,6.579268436742716,Now You See Me 2,,0.0
258,Nutty Professor,1996.0,20.28119,138.46175,5.88382719831195,The Nutty Professor,,0.0
259,Nutty Professor,2000.0,17.783361,46.79517261904762,5.845199168916453,Nutty Professor II: The Klumps,,0.0
260,Paranormal Activity,2007.0,47.456823,1288938.6666666667,6.036375845918232,Paranormal Activity,,0.0
261,Paranormal Activity,2010.0,22.789649,5817.067733333333,6.000601157698949,Paranormal Activity 2,,0.0
263,Paranormal Activity,2011.0,29.15813,4014.07636,6.087705207354589,Paranormal Activity 3,,0.0
265,Paranormal Activity,2012.0,20.326337,2756.35984,5.855713113107587,Paranormal Activity 4,,0.0
266,Paul Blart,2009.0,31.25038300000001,604.9735807692308,5.7754435535595965,Paul Blart: Mall Cop,,0.0
267,Paul Blart,2015.0,41.258487,183.15063684210526,5.783961194460444,Paul Blart: Mall Cop 2,,0.0
268,Percy Jackson,2010.0,61.121717,138.4181147368421,6.071132435111941,Percy Jackson & the Olympians: The Lightning Thief,,0.0
269,Percy Jackson,2013.0,40.262261,93.97639,6.01959423700613,Percy Jackson: Sea of Monsters,,0.0
270,Pirates of the Caribbean,2003.0,198.372395,367.86516,7.331072215487559,Pirates of the Caribbean: The Curse of the Black Pearl,,0.0
271,Pirates of the Caribbean,2006.0,145.84737900000005,432.829906,6.867799436379056,Pirates of the Caribbean: Dead Man's Chest,,0.0
273,Pirates of the Caribbean,2007.0,139.082615,284.4,6.768948693953611,Pirates of the Caribbean: At World's End,,0.0
275,Pirates of the Caribbean,2011.0,135.413856,318.2855208,6.3662662973395365,Pirates of the Caribbean: On Stranger Tides,,0.0
276,Pitch Perfect,2012.0,32.746486,578.5319176470588,6.95200644569079,Pitch Perfect,,0.0
277,Pitch Perfect,2015.0,71.496894,891.4006689655173,6.591861288107872,Pitch Perfect 2,,0.0
278,Police Academy,1984.0,15.002502,3148.8643555555554,6.313962016611706,Police Academy,,0.0
279,Police Academy,1994.0,11.946898,-99.31935627195475,5.901844667298485,Police Academy: Mission to Moscow,,0.0
280,Predator,1987.0,50.009408,445.7530444444444,6.934955536570964,Predator,,0.0
281,Predator,1990.0,27.934978000000005,63.20090857142857,6.081272613169965,Predator 2,,0.0
287,Predator,2010.0,47.649554,215.62203250000002,6.096482824220983,Predators,,0.0
288,Punisher,2004.0,35.099611,65.75789393939394,6.162040336697433,The Punisher,,0.0
289,Punisher,2008.0,17.112498000000002,-50.78354634146341,6.074453312085221,Punisher: War Zone,,0.0
290,RED,2010.0,41.430245,23.56027931034483,6.49312214915566,RED,,0.0
291,RED,2013.0,44.34333,196.00865487450366,6.321453901957507,RED 2,,0.0
292,Rambo,1985.0,38.653969,582.7282545454545,6.249145899395265,Rambo: First Blood Part II,,0.0
293,Rambo,1988.0,31.294717,200.02477936507938,6.006129454852033,Rambo III,,0.0
294,Resident Evil,2002.0,40.715623,212.0753393939394,6.33504502454014,Resident Evil,,0.0
295,Resident Evil,2004.0,29.880122,187.54407777777777,6.148625486164237,Resident Evil: Apocalypse,,0.0
297,Resident Evil,2007.0,12.06538,229.80458888888887,6.148106426747455,Resident Evil: Extinction,,0.0
299,Resident Evil,2010.0,2.143764,400.38014000000004,5.977233838144442,Resident Evil: Afterlife,,0.0
301,Resident Evil,2012.0,6.227675,269.4757769230769,5.840628396770769,Resident Evil: Retribution,,0.0
302,Ride Along,2014.0,28.468000000000004,515.991276,6.159204020726504,Ride Along,,0.0
303,Ride Along,2016.0,25.136082,212.06829,6.1701964183442595,Ride Along 2,,0.0
304,Rio,2011.0,46.200042,438.4841777777778,6.4044357125132265,Rio,,0.0
305,Rio,2014.0,42.40024,385.6198398058253,6.252004561855295,Rio 2,,0.0
306,Rush Hour,2001.0,35.814765,285.91755777777774,6.303833294411853,Rush Hour 2,,0.0
307,Rush Hour,2007.0,22.57178,84.30159499999999,6.161464948959377,Rush Hour 3,,0.0
308,Saw,2004.0,63.655973,8559.30575,6.877694882944508,Saw,,0.0
309,Saw,2005.0,42.187986,3723.127325,6.257698935872463,Saw II,,0.0
311,Saw,2006.0,33.124871,1538.7681499999999,6.153118930430239,Saw III,,0.0
313,Saw,2007.0,29.244768,1293.5263300000001,6.06521518251026,Saw IV,,0.0
315,Saw,2008.0,32.943848,954.2364166666667,6.072548262803497,Saw V,,0.0
317,Saw,2009.0,31.900899,520.3057181818182,6.122835920678632,Saw VI,,0.0
319,Saw,2010.0,36.133536,580.75217,6.040261377214909,Saw: The Final Chapter,,0.0
320,Scary Movie,2001.0,35.37697100000001,213.8237288888889,5.817158096182352,Scary Movie 2,,0.0
321,Scary Movie,2003.0,36.585509,359.73586875,6.017974134272446,Scary Movie 3,,0.0
323,Scary Movie,2006.0,32.549282,296.1391555555556,5.829258473023632,Scary Movie 4,,0.0
325,Scary Movie,2013.0,36.819044,291.89372,5.515716359979673,Scary Movie 5,,0.0
326,Scooby-Doo,2002.0,31.435539,228.1555988095238,5.8532969259051,Scooby-Doo,,0.0
327,Scooby-Doo,2004.0,22.644275,264.17675291055497,5.946880807382282,Scooby-Doo 2: Monsters Unleashed,,0.0
328,Scream,1996.0,45.99611,1136.047592857143,6.670492973651044,Scream,,0.0
329,Scream,1997.0,35.244037,618.1804208333333,6.159611244149491,Scream 2,,0.0
331,Scream,2000.0,24.992057,304.58569,5.998244821636359,Scream 3,,0.0
332,Sherlock Holmes,2009.0,57.834787,482.2540877777778,6.87788516012948,Sherlock Holmes,,0.0
333,Sherlock Holmes,2011.0,81.49962099999998,167.692,6.831374645754161,Sherlock Holmes: A Game of Shadows,,0.0
334,Shrek,2001.0,67.298732,707.3486966666667,7.075296758997755,Shrek,,0.0
335,Shrek,2004.0,47.320801,513.2258386666667,6.571883420367147,Shrek 2,,0.0
337,Shrek,2007.0,42.986467,399.348853125,6.0654042221882625,Shrek the Third,,0.0
339,Shrek,2010.0,44.041186,356.1217375757576,6.0723380696053635,Shrek Forever After,,0.0
340,Silent Hill,2006.0,32.927994,95.214906,6.254022320001198,Silent Hill,,0.0
341,Silent Hill,2012.0,23.292761,161.51398,5.855374663591457,Silent Hill: Revelation 3D,,0.0
342,Sin City,2005.0,66.003433,296.83455,6.9213753679343855,Sin City,,0.0
343,Sin City,2014.0,85.428395,-39.37289846153846,6.258332727501086,Sin City: A Dame to Kill For,,0.0
344,Sinister,2012.0,41.045084,2490.4146333333333,6.502769825178245,Sinister,,0.0
345,Sinister,2015.0,26.090495,428.82018000000005,5.919721184207565,Sinister 2,,0.0
346,Speed,1994.0,49.526736,1068.1604833333333,6.580326597755926,Speed,,0.0
347,Speed,1997.0,23.336875,2.81754125,5.591014320379068,Speed 2: Cruise Control,,0.0
348,Spider-Man,2002.0,82.502566,491.15723093525185,6.701451346230014,Spider-Man,,0.0
349,Spider-Man,2004.0,35.149586,291.8831705,6.603679994683027,Spider-Man 2,,0.0
351,Spider-Man,2007.0,115.699814,256.3486504,5.969750378608418,Spider-Man 3,,0.0
353,Spider-Man,2012.0,89.866276,249.86784046511627,6.459751866349206,The Amazing Spider-Man,,0.0
355,Spider-Man,2014.0,89.270217,252.858716,6.441224947684555,The Amazing Spider-Man 2,,0.0
356,Spy Kids,2001.0,21.543389,322.6690857142857,5.887410146814052,Spy Kids,,0.0
357,Spy Kids,2002.0,24.085144,215.06146842105264,5.906406907347255,Spy Kids 2: The Island of Lost Dreams,,0.0
359,Spy Kids,2003.0,21.998734,418.45258421052637,5.713879084844676,Spy Kids 3-D: Game Over,,0.0
361,Spy Kids,2011.0,14.788073,216.90485185185184,5.891875197674951,Spy Kids: All the Time in the World,,0.0
362,Star Trek,1979.0,24.616634,297.14285714285717,6.204851424963632,Star Trek: The Motion Picture,,0.0
363,Star Trek,1982.0,22.434102,706.6666666666666,6.634878406633355,Star Trek II: The Wrath of Khan,,0.0
365,Star Trek,1984.0,15.314027,383.33333333333337,6.263655829813031,Star Trek III: The Search for Spock,,0.0
367,Star Trek,1986.0,22.258428,454.1666666666667,6.423683858181099,Star Trek IV: The Voyage Home,,0.0
369,Star Trek,1989.0,19.578249,134.0,6.047170583059283,Star Trek V: The Final Frontier,,0.0
371,Star Trek,1991.0,16.188572,258.8888888888889,6.346387731676376,Star Trek VI: The Undiscovered Country,,0.0
372,Star Trek,1994.0,14.779041,215.78947368421052,6.265289781253355,Star Trek: Generations,,5.0
373,Star Trek,1996.0,25.6713,226.08695652173913,6.51353901311662,Star Trek: First Contact,,5.0
375,Star Trek,1998.0,19.71195100000001,68.57142857142857,6.232453332021192,Star Trek: Insurrection,,5.0
377,Star Trek,2002.0,21.605533,12.188043333333333,6.173685579753132,Star Trek: Nemesis,,5.0
378,Star Trek,2009.0,73.61680799999998,157.12029733333333,7.175083558089536,Star Trek,,8.0
379,Star Trek,2013.0,78.29101800000002,145.98170842105262,7.1709702361818835,Star Trek Into Darkness,,8.0
381,Star Trek,2016.0,65.352913,85.66044108108109,6.4860324078061184,Star Trek Beyond,,8.0
382,Star Wars,1977.0,126.393695,6949.072790909091,7.84103013440742,Star Wars,,0.0
383,Star Wars,1999.0,54.035265,703.7543982608696,6.282244664619215,Star Wars: Episode I - The Phantom Menace,,0.0
385,Star Wars,2002.0,43.987061,441.1652733333334,6.35987014110324,Star Wars: Episode II - Attack of the Clones,,0.0
387,Star Wars,2005.0,44.108427,652.2123893805309,6.918556959241683,Star Wars: Episode III - Revenge of the Sith,,0.0
388,Step Up,2006.0,45.477802,851.6237249999999,6.4548176547121034,Step Up,,0.0
389,Step Up,2008.0,28.973074,555.7247826086956,6.3181451191967675,Step Up 2: The Streets,,0.0
391,Step Up,2010.0,25.060342,430.9726966666667,6.347343904070183,Step Up 3D,,0.0
392,Stuart Little,1999.0,30.475297,125.66568947368421,6.012874689617988,Stuart Little,,0.0
393,Stuart Little,2002.0,27.99028400000001,41.63067166666667,5.909720536044821,Stuart Little 2,,0.0
394,Superman,1978.0,48.507081,445.8509418181818,6.548969715947171,Superman,,0.0
395,Superman,1980.0,30.515175,252.70130740740743,6.316953693533376,Superman II,,0.0
397,Superman,1983.0,22.164202,94.48877948717949,5.9186137996380115,Superman III,,0.0
399,Superman,1987.0,17.062117,13.529411764705882,5.717445359241622,Superman IV: The Quest for Peace,,0.0
401,Superman,2006.0,57.925623,56.432476799999996,5.745985816915322,Superman Returns,,0.0
404,Taken,2008.0,80.879032,807.322272,7.007651827171533,Taken,,0.0
405,Taken,2012.0,49.353524,735.8695688888889,6.129594234684144,Taken 2,,0.0
407,Taken,2014.0,88.84477700000002,578.6904666666667,6.134666231213089,Taken 3,,0.0
408,Ted,1989.0,25.929893,304.85039,6.356027427820836,Bill & Ted's Excellent Adventure,,0.0
409,Ted,1991.0,11.349664,193.94730395099012,6.137603277940013,Bill & Ted's Bogus Journey,,0.0
410,Ted,2012.0,68.87691,998.73663,6.283063381145387,Ted,,1.0
411,Ted,2015.0,68.734513,219.15086470588236,6.202181967390418,Ted 2,,1.0
412,Teenage Mutant Ninja Turtles,1991.0,15.505137,212.0,6.120108721139625,Teenage Mutant Ninja Turtles II: The Secret of the Ooze,,0.0
413,Teenage Mutant Ninja Turtles,1993.0,10.207065,100.0,6.042192262109026,Teenage Mutant Ninja Turtles III,,0.0
414,Teenage Mutant Ninja Turtles,2014.0,143.350376,281.76,5.91602421363064,Teenage Mutant Ninja Turtles,,1.0
415,Teenage Mutant Ninja Turtles,2016.0,39.873791,81.94359111111112,6.012451689737972,Teenage Mutant Ninja Turtles: Out of the Shadows,,1.0
416,Terminator,1984.0,74.23479300000002,1124.55,7.078421253658273,The Terminator,,0.0
417,Terminator,1991.0,101.74155,420.0,7.400604632558268,Terminator 2: Judgment Day,,0.0
419,Terminator,2003.0,69.405188,117.5,6.001053946583946,Terminator 3: Rise of the Machines,,0.0
421,Terminator,2009.0,71.862892,85.6765005,5.991848918714073,Terminator Salvation,,0.0
424,The Boondock Saints,1999.0,34.917447,-99.49215,6.647623344696628,The Boondock Saints,,0.0
425,The Boondock Saints,2009.0,13.517017,32.8665125,6.146121473258992,The Boondock Saints II: All Saints Day,,0.0
426,The Chronicles of Narnia,2005.0,67.391328,316.003865,6.559381693787045,"The Chronicles of Narnia: The Lion, the Witch and the Wardrobe",,0.0
427,The Chronicles of Narnia,2008.0,53.978602,86.51173911111111,6.263681063971097,The Chronicles of Narnia: Prince Caspian,,0.0
429,The Chronicles of Narnia,2010.0,49.661984,168.18465612903225,6.202989567645296,The Chronicles of Narnia: The Voyage of the Dawn Treader,,0.0
430,The Conjuring,2013.0,49.975409,2346.1549307692308,7.097649746847547,The Conjuring,,0.0
431,The Conjuring,2016.0,68.794673,700.42502,6.722462571337958,The Conjuring 2,,0.0
432,The Dark Knight,2008.0,187.322927,443.00456432432435,8.012329827916632,The Dark Knight,,0.0
433,The Dark Knight,2012.0,112.31295,333.97563959999997,7.456012726609151,The Dark Knight Rises,,0.0
434,The Expendables,2010.0,77.58066099999998,243.0879925,6.054744781549934,The Expendables,,0.0
435,The Expendables,2012.0,53.73289200000001,212.573423,6.128551761642813,The Expendables 2,,0.0
437,The Expendables,2014.0,61.025639,129.08060444444445,6.139601142862052,The Expendables 3,,0.0
440,The Godfather,1972.0,143.659698,3984.4401833333336,8.06839482233077,The Godfather,,0.0
441,The Godfather,1974.0,105.792936,265.71416153846155,7.7992400299549995,The Godfather: Part II,,0.0
443,The Godfather,1990.0,59.194915,153.27048518518518,6.738931144623473,The Godfather: Part III,,0.0
444,The Grudge,2004.0,35.695442,1734.74602,6.0233238910927085,The Grudge,,0.0
445,The Grudge,2006.0,13.906944,95.719195,5.993447300407005,The Grudge 2,,0.0
446,The Hangover,2009.0,82.21166,1212.2017685714286,7.055692267955494,The Hangover,,0.0
447,The Hangover,2011.0,58.040149,218.0699825,6.201600595415021,The Hangover Part II,,0.0
448,The Hills Have Eyes,2006.0,35.107857,364.1580866666667,6.164196724468683,The Hills Have Eyes,,0.0
449,The Hills Have Eyes,2007.0,17.141376,188.32934568610975,5.9549359396449235,The Hills Have Eyes 2,,0.0
450,The Hobbit,2012.0,108.849621,308.4414272,6.910951669139032,The Hobbit: An Unexpected Journey,,0.0
451,The Hobbit,2013.0,94.370564,283.36,7.337650744786963,The Hobbit: The Desolation of Smaug,,0.0
453,The Hobbit,2014.0,120.965743,282.4079152,6.9386687179763396,The Hobbit: The Battle of the Five Armies,,0.0
454,The Hunger Games,2012.0,68.550698,821.614256,6.83076299394979,The Hunger Games,,0.0
455,The Hunger Games,2013.0,76.310119,551.8641938461539,7.234017925969853,The Hunger Games: Catching Fire,,0.0
457,The Hunger Games,2014.0,198.372395,501.6801832,6.537845229340147,The Hunger Games: Mockingjay - Part 1,,0.0
459,The Hunger Games,2015.0,127.284427,308.392663125,6.5180900380299045,The Hunger Games: Mockingjay - Part 2,,0.0
460,The Last Exorcism,2010.0,14.838985999999998,3663.227222222222,6.062746916866863,The Last Exorcism,,0.0
461,The Last Exorcism,2013.0,10.605752,203.58603999999997,5.914497407376327,The Last Exorcism Part II,,0.0
462,The Lord of the Rings,2001.0,138.049577,836.9552301075269,7.8070389801581275,The Lord of the Rings: The Fellowship of the Ring,,0.0
463,The Lord of the Rings,2002.0,106.914973,1072.5156962025317,7.779508639035087,The Lord of the Rings: The Two Towers,,0.0
465,The Lord of the Rings,2003.0,123.630332,1090.3074244680852,7.8819470321969,The Lord of the Rings: The Return of the King,,0.0
466,The Mummy,2001.0,41.862983,341.85027959183674,6.066850507199797,The Mummy Returns,,0.0
467,The Mummy,2008.0,60.034162,176.64044068965518,5.634002975561156,The Mummy: Tomb of the Dragon Emperor,,0.0
468,The Naked Gun,1991.0,27.33256,277.9583086956522,6.341644894387555,The Naked Gun 2½: The Smell of Fear,,0.0
469,The Naked Gun,1994.0,28.624038,70.44199333333333,6.238042808047446,The Naked Gun 33⅓: The Final Insult,,0.0
470,The Princess Diaries,2001.0,40.176265,346.8517648648649,6.351743970787524,The Princess Diaries,,0.0
471,The Princess Diaries,2004.0,30.002907,137.8735875,6.124593732937916,The Princess Diaries 2: Royal Engagement,,0.0
472,The Purge,2013.0,54.40303299999999,2877.6209000000003,6.062583453548746,The Purge,,0.0
473,The Purge,2014.0,82.975841,1108.6983,6.462738099681271,The Purge: Anarchy,,0.0
475,The Purge,2016.0,53.727146,1085.8788,6.147820565128411,The Purge: Election Year,,0.0
476,The Santa Clause,1994.0,16.234053,762.8788954545454,6.2367545493453775,The Santa Clause,,0.0
477,The Santa Clause,2002.0,14.646884,165.93086923076922,6.051347625421335,The Santa Clause 2,,0.0
478,The Smurfs,2011.0,36.65422,412.4993845454545,5.833183154527832,The Smurfs,,0.0
479,The Smurfs,2013.0,32.473628000000005,230.8896933333333,5.925596132631827,The Smurfs 2,,0.0
480,The Toxic Avenger,1984.0,6.672008,193.94721666060786,6.216307180948012,The Toxic Avenger,,0.0
481,The Toxic Avenger,1989.0,1.7913310000000002,193.9471835290122,6.174807393427491,The Toxic Avenger Part II,,0.0
482,The Twilight Saga,2009.0,94.815867,1319.654924,5.78292175887623,The Twilight Saga: New Moon,,0.0
483,The Twilight Saga,2010.0,107.069763,927.1931573529411,5.927623172617887,The Twilight Saga: Eclipse,,0.0
485,The Twilight Saga,2012.0,99.687084,590.8333333333334,6.131269844974337,The Twilight Saga: Breaking Dawn - Part 2,,0.0
486,The Visitors,1993.0,8.893676,193.94735404120132,6.462357313906488,The Visitors,,0.0
487,The Visitors,1998.0,12.283025,193.94726506387613,6.136479348105852,The Visitors II: The Corridors of Time,,0.0
488,The X Files,1998.0,18.59991,186.6641106060606,6.331901984032859,The X Files,,0.0
489,The X Files,2008.0,25.454549,127.89811333333334,5.972133026981905,The X Files: I Want to Believe,,0.0
490,Thor,2011.0,86.493424,199.55107866666665,6.545566369827398,Thor,,0.0
491,Thor,2013.0,99.499595,279.1596482352941,6.6927933249685685,Thor: The Dark World,,0.0
492,Toy Story,1995.0,73.640445,1145.18011,7.451964749397458,Toy Story,,0.0
493,Toy Story,1999.0,73.575118,452.6298544444445,7.063728429045003,Toy Story 2,,0.0
495,Toy Story,2010.0,59.99541800000001,433.4848515,7.341042190799103,Toy Story 3,,0.0
496,Transformers,2007.0,25.468493,373.13985333333335,6.51899120853488,Transformers,,0.0
497,Transformers,2009.0,21.939663,457.53148533333336,6.051973555740815,Transformers: Revenge of the Fallen,,0.0
499,Transformers,2011.0,28.529607,476.2805107692308,6.125906013208217,Transformers: Dark of the Moon,,0.0
501,Transformers,2014.0,116.840296,419.71671285714285,5.903176176463821,Transformers: Age of Extinction,,0.0
502,Transporter,2002.0,34.433521,109.18539047619046,6.449622629993631,The Transporter,,0.0
503,Transporter,2005.0,47.5612,166.148871875,6.203631099688554,Transporter 2,,0.0
505,Transporter,2015.0,25.002715,190.51868000000002,5.857343226502509,The Transporter Refueled,,0.0
506,Underworld,2003.0,81.829237,335.0384409090909,6.484240665761521,Underworld,,0.0
507,Underworld,2006.0,49.020045,122.681602,6.321514837642567,Underworld: Evolution,,0.0
509,Underworld,2009.0,51.927471,161.01000285714287,6.203093321808934,Underworld: Rise of the Lycans,,0.0
511,Underworld,2012.0,58.40120400000001,128.73238714285716,6.138689990193178,Underworld: Awakening,,0.0
512,VeggieTales,2002.0,1.446172,193.94717589666425,6.211254898733711,Jonah: A VeggieTales Movie,,0.0
513,VeggieTales,2008.0,1.8001189999999998,193.94717724276978,6.200153722272129,VeggieTales: The Pirates Who Don't Do Anything,,0.0
514,Wall Street,1987.0,24.898687,192.32046,6.478486999650713,Wall Street,,0.0
515,Wall Street,2010.0,23.25645,92.49717285714286,6.077164777344484,Wall Street: Money Never Sleeps,,0.0
516,Warlock,1989.0,9.887662,177.64480353913999,6.173506769818811,Warlock,,0.0
517,Warlock,1993.0,3.107149,193.94718309426148,6.172118797281745,Warlock: The Armageddon,,0.0
518,White Noise,2005.0,14.447723000000002,811.9641899999999,6.0863960728013256,White Noise,,0.0
519,White Noise,2007.0,6.814247,193.94720191054353,6.164305532250033,White Noise 2: The Light,,0.0
520,X-Men,2000.0,4.66891,295.11936933333334,6.679087866998745,X-Men,,0.0
521,X-Men,2006.0,3.857526,118.74264523809524,6.278724645124052,X-Men: The Last Stand,,0.0
523,X-Men,2009.0,5.954333999999999,148.708576,6.201511585770566,X-Men Origins: Wolverine,,0.0
524,X-Men,2011.0,3.195174,121.0150775,6.949569130387183,X-Men: First Class,,2.0
525,X-Men,2014.0,118.078691,199.14511,7.308340193651869,X-Men: Days of Future Past,,2.0
527,X-Men,2016.0,139.272042,205.58134101123596,6.364939395502087,X-Men: Apocalypse,,2.0
528,Zoolander,2001.0,38.0958,117.07493214285714,6.147199518828042,Zoolander,,0.0
529,Zoolander,2016.0,37.253774,11.938,5.556884272573112,Zoolander 2,,0.0
530,xXx,2002.0,46.217769,296.3548314285714,5.972863884980816,xXx,,0.0
531,xXx,2005.0,36.689223,18.456553333333332,5.689784397399961,xXx: State of the Union,,0.0
